-- MariaDB dump 10.19  Distrib 10.6.15-MariaDB, for Linux (x86_64)
--
-- Host: localhost    Database: u240813445_bastethome
-- ------------------------------------------------------
-- Server version	10.6.15-MariaDB-cll-lve

/*!40101 SET @OLD_CHARACTER_SET_CLIENT=@@CHARACTER_SET_CLIENT */;
/*!40101 SET @OLD_CHARACTER_SET_RESULTS=@@CHARACTER_SET_RESULTS */;
/*!40101 SET @OLD_COLLATION_CONNECTION=@@COLLATION_CONNECTION */;
/*!40101 SET NAMES utf8mb4 */;
/*!40103 SET @OLD_TIME_ZONE=@@TIME_ZONE */;
/*!40103 SET TIME_ZONE='+00:00' */;
/*!40014 SET @OLD_UNIQUE_CHECKS=@@UNIQUE_CHECKS, UNIQUE_CHECKS=0 */;
/*!40014 SET @OLD_FOREIGN_KEY_CHECKS=@@FOREIGN_KEY_CHECKS, FOREIGN_KEY_CHECKS=0 */;
/*!40101 SET @OLD_SQL_MODE=@@SQL_MODE, SQL_MODE='NO_AUTO_VALUE_ON_ZERO' */;
/*!40111 SET @OLD_SQL_NOTES=@@SQL_NOTES, SQL_NOTES=0 */;

--
-- Table structure for table `binhluan`
--

DROP TABLE IF EXISTS `binhluan`;
/*!40101 SET @saved_cs_client     = @@character_set_client */;
/*!40101 SET character_set_client = utf8 */;
CREATE TABLE `binhluan` (
  `id` int(11) NOT NULL AUTO_INCREMENT,
  `id_taikhoan` int(11) NOT NULL,
  `id_sanpham` int(11) NOT NULL,
  `noidung` text NOT NULL,
  PRIMARY KEY (`id`),
  KEY `id sản phẩm` (`id_sanpham`),
  KEY `id tài khoản` (`id_taikhoan`),
  CONSTRAINT `fk_id_sanpham_bl` FOREIGN KEY (`id_sanpham`) REFERENCES `sanpham` (`id`),
  CONSTRAINT `fk_id_taikhoan` FOREIGN KEY (`id_taikhoan`) REFERENCES `taikhoan` (`id`)
) ENGINE=InnoDB AUTO_INCREMENT=3 DEFAULT CHARSET=utf8mb3 COLLATE=utf8mb3_general_ci;
/*!40101 SET character_set_client = @saved_cs_client */;

--
-- Dumping data for table `binhluan`
--

/*!40000 ALTER TABLE `binhluan` DISABLE KEYS */;
INSERT INTO `binhluan` VALUES (1,1,43,'Sản phẩm tốt');
/*!40000 ALTER TABLE `binhluan` ENABLE KEYS */;

--
-- Table structure for table `ctdonhang`
--

DROP TABLE IF EXISTS `ctdonhang`;
/*!40101 SET @saved_cs_client     = @@character_set_client */;
/*!40101 SET character_set_client = utf8 */;
CREATE TABLE `ctdonhang` (
  `id` int(11) NOT NULL AUTO_INCREMENT,
  `id_donhang` int(11) NOT NULL,
  `id_sanpham` int(11) NOT NULL,
  `soluong` int(11) NOT NULL,
  `gia` int(11) NOT NULL,
  PRIMARY KEY (`id`),
  KEY `Fk_id_donhang` (`id_donhang`),
  KEY `Fk_id_sanpham` (`id_sanpham`)
) ENGINE=InnoDB AUTO_INCREMENT=53 DEFAULT CHARSET=utf8mb4 COLLATE=utf8mb4_general_ci;
/*!40101 SET character_set_client = @saved_cs_client */;

--
-- Dumping data for table `ctdonhang`
--

/*!40000 ALTER TABLE `ctdonhang` DISABLE KEYS */;
INSERT INTO `ctdonhang` VALUES (34,28,43,2,685000),(38,30,30,1,50000),(39,31,31,1,40000),(41,27,30,20,50000),(42,32,32,25,50000),(44,33,31,5,40000),(46,35,42,5,25000),(47,36,40,1,150000),(48,37,11,2,180000),(49,38,24,1,180000),(52,39,31,15,40000);
/*!40000 ALTER TABLE `ctdonhang` ENABLE KEYS */;

--
-- Table structure for table `danhmuc`
--

DROP TABLE IF EXISTS `danhmuc`;
/*!40101 SET @saved_cs_client     = @@character_set_client */;
/*!40101 SET character_set_client = utf8 */;
CREATE TABLE `danhmuc` (
  `id_dm` int(11) NOT NULL AUTO_INCREMENT,
  `danhmuc` varchar(255) NOT NULL,
  PRIMARY KEY (`id_dm`)
) ENGINE=InnoDB AUTO_INCREMENT=23 DEFAULT CHARSET=utf8mb3 COLLATE=utf8mb3_general_ci;
/*!40101 SET character_set_client = @saved_cs_client */;

--
-- Dumping data for table `danhmuc`
--

/*!40000 ALTER TABLE `danhmuc` DISABLE KEYS */;
INSERT INTO `danhmuc` VALUES (1,'Thức ăn'),(3,'Thời trang'),(5,'Đồ chơi'),(20,'Vật dụng ăn uống');
/*!40000 ALTER TABLE `danhmuc` ENABLE KEYS */;

--
-- Table structure for table `donhang`
--

DROP TABLE IF EXISTS `donhang`;
/*!40101 SET @saved_cs_client     = @@character_set_client */;
/*!40101 SET character_set_client = utf8 */;
CREATE TABLE `donhang` (
  `id` int(11) NOT NULL AUTO_INCREMENT,
  `id_taikhoan` int(11) NOT NULL,
  `tongtien` int(11) NOT NULL,
  `status` int(11) NOT NULL,
  `diachi` text DEFAULT NULL,
  `thoigian` datetime DEFAULT current_timestamp(),
  PRIMARY KEY (`id`),
  KEY `id_takhoan` (`id_taikhoan`)
) ENGINE=InnoDB AUTO_INCREMENT=40 DEFAULT CHARSET=utf8mb3 COLLATE=utf8mb3_general_ci;
/*!40101 SET character_set_client = @saved_cs_client */;

--
-- Dumping data for table `donhang`
--

/*!40000 ALTER TABLE `donhang` DISABLE KEYS */;
INSERT INTO `donhang` VALUES (27,1,1000000,3,'34 Trưng Nhị, Nguyễn Trãi, Hà Đông, Hà Nội','2023-12-06 15:20:41'),(28,14,1370000,3,' 150/12 ấp 3 ','2023-12-09 21:50:57'),(29,7,0,0,NULL,'2023-12-14 20:24:12'),(30,10,50000,4,' Hà Nội','2023-12-14 20:30:21'),(31,10,40000,4,' ','2023-12-14 20:38:10'),(32,10,1250000,3,'Hà Nộ','2023-12-14 20:43:26'),(33,1,200000,4,'34 Trưng Nhị, Nguyễn Trãi, Hà Đông, Hà Nội','2023-12-18 21:52:40'),(34,1,0,0,NULL,'2023-12-19 16:16:49'),(35,16,125000,4,'Duyên Thái, Thường Tín, Hà Nội','2023-12-19 22:15:33'),(36,15,150000,3,'Hà Nội','2023-12-22 16:23:15'),(37,16,360000,3,'Duyên Thái, Thường Tín, Hà Nội','2023-12-22 16:25:29'),(38,16,180000,3,'Duyên Thái, Thường Tín, Hà Nội','2023-12-22 16:26:11'),(39,10,600000,2,'abc','2023-12-22 21:40:03');
/*!40000 ALTER TABLE `donhang` ENABLE KEYS */;

--
-- Table structure for table `nhacungcap`
--

DROP TABLE IF EXISTS `nhacungcap`;
/*!40101 SET @saved_cs_client     = @@character_set_client */;
/*!40101 SET character_set_client = utf8 */;
CREATE TABLE `nhacungcap` (
  `id` int(11) NOT NULL AUTO_INCREMENT,
  `ten` varchar(50) NOT NULL,
  `dienthoai` varchar(50) NOT NULL,
  `email` varchar(50) NOT NULL,
  `diachi` varchar(255) NOT NULL,
  PRIMARY KEY (`id`)
) ENGINE=InnoDB AUTO_INCREMENT=30 DEFAULT CHARSET=utf8mb3 COLLATE=utf8mb3_general_ci;
/*!40101 SET character_set_client = @saved_cs_client */;

--
-- Dumping data for table `nhacungcap`
--

/*!40000 ALTER TABLE `nhacungcap` DISABLE KEYS */;
INSERT INTO `nhacungcap` VALUES (4,'DAIN PET','0946761599','dain.garment@gmail.com','Xã Thường Thắng, Huyện Hiệp Hòa, Bắc Giang, Việt Nam'),(5,'PET FURNITURE','0903739603','service@pfvietnam.com','xã Duyên Thái, huyện Thường Tín, TP.Hà Nội'),(6,'VC Pet Shop','0922898939','vcpetshopvn@gmail.com','P. Mai Dịch, Q. Cầu Giấy Hà Nội, Việt Nam'),(7,'Cửa Hàng Thú Cưng YaHu','0938996246','yahuhamster@yahoo.com','phường Trung Văn, quận Nam Từ Liêm, Hà Nội'),(8,'Famipet','0348833666','famipet209@gmail.com','Số 209 Thụy Khuê, Q. Tây Hồ, Hà Nội, Việt Nam'),(9,' Công Ty TNHH PET Mart Việt Nam','0943543434','contact@petmart.vn',' Số 3 Đại Cồ Việt, Quận Hai Bà Trưng, Hà Nội, Việt Nam'),(10,'VETFARM.vn','0973998767','vetfarm@gmail.com','phường Yên Sở, quận Hoàng Mai, Tp. Hà Nội'),(11,'HAPPYPAWS PET SHOP','0961696022','info@happypaws.vn','323 Lê Đại Hành, P.13, Q.11, Tp.Hồ Chí Minh'),(12,'Pet Mart','0968454221','petmart@gmail.com','3 Đại Cồ Việt, Phường Cầu Dền, Quận Hai Bà Trưng'),(13,'DOCA PET','0934282779','docapet.vn@gmail.com','Số 643, Ngõ 68 Phú Diễn, Từ Liêm'),(29,'Catchy','0985575927','Catchy@gmail.com','Hà Nội');
/*!40000 ALTER TABLE `nhacungcap` ENABLE KEYS */;

--
-- Table structure for table `quyen`
--

DROP TABLE IF EXISTS `quyen`;
/*!40101 SET @saved_cs_client     = @@character_set_client */;
/*!40101 SET character_set_client = utf8 */;
CREATE TABLE `quyen` (
  `id` int(11) NOT NULL AUTO_INCREMENT,
  `ten` varchar(255) NOT NULL,
  `created_at` timestamp NOT NULL DEFAULT current_timestamp(),
  `updated_at` timestamp NOT NULL DEFAULT current_timestamp(),
  PRIMARY KEY (`id`),
  UNIQUE KEY `ten` (`ten`)
) ENGINE=InnoDB AUTO_INCREMENT=14 DEFAULT CHARSET=utf8mb3 COLLATE=utf8mb3_general_ci;
/*!40101 SET character_set_client = @saved_cs_client */;

--
-- Dumping data for table `quyen`
--

/*!40000 ALTER TABLE `quyen` DISABLE KEYS */;
INSERT INTO `quyen` VALUES (1,'Sản phẩm','2023-11-18 05:07:16','2023-11-18 05:07:16'),(3,'Danh mục sản phẩm','2023-11-18 05:08:56','2023-11-18 05:08:56'),(4,'Đơn hàng','2023-11-18 05:08:56','2023-11-18 05:08:56'),(7,'Bình luận','2023-11-18 05:55:19','2023-11-18 05:55:19'),(8,'Tài khoản','2023-11-18 07:27:42','2023-11-18 07:27:42'),(9,'Tin tức','2023-11-18 07:27:48','2023-11-18 07:27:48'),(12,'Nhà cung cấp','2023-12-18 17:48:21','2023-12-18 17:48:21');
/*!40000 ALTER TABLE `quyen` ENABLE KEYS */;

--
-- Table structure for table `sanpham`
--

DROP TABLE IF EXISTS `sanpham`;
/*!40101 SET @saved_cs_client     = @@character_set_client */;
/*!40101 SET character_set_client = utf8 */;
CREATE TABLE `sanpham` (
  `id` int(11) NOT NULL AUTO_INCREMENT,
  `id_danhmuc` int(11) NOT NULL,
  `ten` varchar(255) NOT NULL,
  `id_nhacungcap` int(11) NOT NULL,
  `loaimoi` varchar(255) NOT NULL,
  `nguyenlieu` varchar(255) NOT NULL,
  `thuonghieu` varchar(255) NOT NULL,
  `baohanh` varchar(255) NOT NULL,
  `xuatxu` varchar(255) NOT NULL,
  `bonho` varchar(11) NOT NULL,
  `gia` int(11) NOT NULL,
  `soluong` int(3) NOT NULL DEFAULT 0,
  `anh1` text NOT NULL,
  `anh2` text NOT NULL,
  `anh3` text NOT NULL,
  `chitiet` text NOT NULL,
  `mota` text NOT NULL,
  `luotxem` int(11) NOT NULL,
  `status` int(11) NOT NULL DEFAULT 1,
  PRIMARY KEY (`id`),
  KEY `id danh mục` (`id_danhmuc`),
  KEY `nhacungcap` (`id_nhacungcap`),
  CONSTRAINT `sanpham_ibfk_1` FOREIGN KEY (`id_nhacungcap`) REFERENCES `nhacungcap` (`id`)
) ENGINE=InnoDB AUTO_INCREMENT=54 DEFAULT CHARSET=utf8mb3 COLLATE=utf8mb3_general_ci;
/*!40101 SET character_set_client = @saved_cs_client */;

--
-- Dumping data for table `sanpham`
--

/*!40000 ALTER TABLE `sanpham` DISABLE KEYS */;
INSERT INTO `sanpham` VALUES (10,5,'Cần câu hình hoa cho mèo',5,'Mới','Được làm bằng nhựa','Hàng nội địa',' Đổi trả theo đúng quy định. Nếu có bất kì khiếu nại cần hỗ trợ về sản phẩm, khi mở sản phẩm các bạn vui lòng quay lại video quá trình mở sản phẩm để được đảm bảo 100% đổi lại sản phẩm mới nếu hàng giao bị lỗi.','Việt Nam','Cần câu mèo',40000,20,'anh1.1.png','anh1.2.png','anh1.3.png','Đồ chơi cần câu mèo giúp huấn luyện mèo bản năng tự nhiên, nhanh nhẹn, linh hoạt trong hành động. Tạo mối quan hệ thân thiết gắn bó giữ người nuôi và mèo trong lúc chơi đùa cùng nhau. Giúp bé mèo giải trí, giảm stress cho mèo','Cần câu mèo là món đồ chơi thú cưng rất thích chơi và giúp ích rất cao trong việc tương tác giữa người với thú cưng',16,0),(11,5,'Cào móng carton tròn khay nhựa cho mèo',5,'Mới','Bàn cào móng cho mèo vỏ nhựa hình tròn có thể tháo và thay lõi carton D 39.5x10cm','Không có',' Đổi trả theo đúng quy định. Nếu có bất kì khiếu nại cần hỗ trợ về sản phẩm, khi mở sản phẩm các bạn vui lòng quay lại video quá trình mở sản phẩm để được đảm bảo 100% đổi lại sản phẩm mới nếu hàng giao bị lỗi.','Việt Nam','Không có',180000,23,'anh2.1.png','anh2.2.png','anh2.3.png','Bàn Cào Móng Cho Mèo giúp bé mèo của bạn giải tỏa stress, tập thể dục, có thể tự chơi khi vắng bạn, hoặc có thể làm chỗ ngủ cho bé cũng rất dễ thương. Đặc biệt là ngăn bé mèo cào lung tung, tránh hỏng đồ (rách sofa, nệm... của Sen) \r\n- Không chỉ đơn giản là Bàn Cào Móng giúp mèo thư giãn và xả stress, nay Bàn Cào Móng Cho Mèo mẫu mới còn là một ổ nằm sang trọng, nơi chú mèo của bạn có thể tận hưởng những giấc ngủ ngon và êm ái','Cào móng carton tròn khay nhựa cho mèo giúp các bé mèo cào móng, giảm stress, hạn chế phá đồ, cào hư đồ trong nhà, nằm ngủ',14,0),(12,5,'Cào móng dây thừng hình cá lớn cho mèo',5,'Mới','Dây thừng','Hàng nội địa','Đổi trả theo đúng quy định. Nếu có bất kì khiếu nại cần hỗ trợ về sản phẩm, khi mở sản phẩm các bạn vui lòng quay lại video quá trình mở sản phẩm để được đảm bảo 100% đổi lại sản phẩm mới nếu hàng giao bị lỗi.','Việt Nam','Cây cào món',90000,100,'anh3.1.png','anh3.2.png','anhca3.3.png','Tại sao mèo cào móng?? \r\n- Cào móng là một phần bản năng tự nhiên của mèo và không thể bị loại bỏ. \r\n- Cào móng là một trong những nguyên nhân chủ yếu khiến nhiều người ngần ngại khi muốn nuôi mèo.\r\n- Hiểu được tại sao mèo cào móng sẽ giúp bạn tập cho chúng cào móng vào trụ cào hoặc những vị trí được phép cào, giữ gìn được đồ đạc và không bao giờ phải nặng tay với mèo của mình. ','Công dụng của cây cào móng cho mèo: Tránh việc đồ đạc trong nhà bị cào xước hoặc ở tình trạng lộn xộn, nơi “giải trí” tuyệt cú mèo ',0,0),(13,5,'Cào móng dây thừng hình cầu cho mèo',11,'Mới','Gai dầu xizal và gỗ.','Hàng nội địa','Không bảo hành','Việt Nam','Cào móng dâ',190000,50,'anh4.1.png','anh4.2.png','anh4.3.png','Thiết kế sang trọng và tươi mới, phù hợp với trang trí nhà cửa của bạn, để bạn và con mèo của bạn cảm nhận được sức sống của thiên nhiên, con mèo của bạn sẽ thích chơi.\r\nĐược làm bằng vật liệu bền, đủ mạnh để chống lại móng vuốt sắc nét trong một thời gian đủ dài.','Cung cấp cho mèo khu vui chơi được chỉ định để bảo vệ đồ nội thất quý giá của bạn.',0,0),(14,5,'Đồ chơi banh dây thừng lông gà lớn cho mèo',11,'Cũ','Dây thừng, gỗ','Hàng nội địa','Không bảo hành','Việt Nam','Đồ chơi ban',28000,30,'anh5.1.png','anh5.2.png','anh5.3.png','Làm từ chất liệu an toàn, màu sắc thu hút, giúp thú cưng hăng say chơi với quả bóng, tạo sự vận động khỏe mạnh và nhanh nhẹn\r\nKiểu dáng và màu sắc đẹp, hấp dẫn thú cưng nhà bạn, chất liệu bền, chắc chắn','Đồ chơi yêu thích dành cho mèo',1,0),(15,5,'Đồ chơi banh đỏ kẻ sọc cho mèo',8,'Mới','Nhựa, vải polyeste','Hàng nội địa','Không bảo hành','Việt Nam','Đồ chơi ban',8000,150,'anh6.1.png','anh6.2.png','anh6.3.png','- Hộp đồ chơi gồm 24 quả banh tròn dành cho thú cưng, cấu trúc bên trong đồ chơi này được làm bằng nhựa không độc hại, và được bao phủ bởi một lớp vải polyester siêu mềm. Đồ chơi này cho phép mèo tận hưởng mối quan hệ đuổi bắt \"mèo-chuột\", khiến nó thích thú và hưng phấn.\r\n- Lợi ích:\r\n+ Làm giảm căng thẳng, thúc đẩy vận động và vui chơi ở mèo\r\n+ Màu sắc của quả banh sinh động, hấp dẫn đối với mèo\r\n+ Tạo hình đáng yêu, vui nhộn, cho mèo thoải mái vui chơi','Giúp các bé mèo vận động, giảm stress',1,0),(16,5,'Đồ chơi chuột dây thừng đuôi lông cho mèo',7,'Mới','Sợi sisal, lông','Hàng nội địa',' Đổi trả theo đúng quy định. Nếu có bất kì khiếu nại cần hỗ trợ về sản phẩm, khi mở sản phẩm các bạn vui lòng quay lại video quá trình mở sản phẩm để được đảm bảo 100% đổi lại sản phẩm mới nếu hàng giao bị lỗi.','Việt Nam','Đồ chơi cho',22000,60,'anh7.1.png','anh7.2.png','anh7.3.png','THÔNG TIN SẢN PHẨM\r\n-  Kích thước: Dài 11cm. Thân chuột R3.5cm*C3.5cm\r\n- Chất liệu: sợi sisal, lông\r\n- Màu sắc tươi tắn, đẹp mắt\r\nĐẶC ĐIỂM NỔI BẬT\r\n- Chuột bện thừng Đuôi Lông khi có tác động tạo sự tò mò cho chú mèo của bạn nghịch ngợm. \r\n- Chuột bện thừng được làm từ các sợi dây gai dầu\r\n- Chuột có lông nhiều màu, khi ném chuột mèo cưng của bạn vờn bắt giống như mèo đuổi chuột vậy.\r\n- Chuột bện thừng không những là đồ chơi cho mèo mà còn là một  vật hữu ích giúp chú  mèo mài móng rất hiệu quả.\r\n- Tạo điều kiện rèn luyện thể chất cũng như não bộ và bắt chước hành vi tự nhiên của mèo cưng.\r\n- Tạo niềm vui tiếng cười cho người chủ và những người xung quanh khi thấy mèo cưng đùa nghịch thật  dễ thương','Chuột bện thừng Đuôi Lông khi có tác động tạo sự tò mò cho chú mèo của bạn nghịch ngợm.',0,0),(17,5,'Đồ chơi lật đật lông vũ cho mèo',6,'Cũ','Nhựa','Hàng nội địa',' Đổi trả theo đúng quy định. Nếu có bất kì khiếu nại cần hỗ trợ về sản phẩm, khi mở sản phẩm các bạn vui lòng quay lại video quá trình mở sản phẩm để được đảm bảo 100% đổi lại sản phẩm mới nếu hàng giao bị lỗi.','Việt Nam','Đồ chơi cho',90000,40,'anh8.1.png','anh8.2.png','anh8.3.png','Đồ chơi này là một loại lật đật\r\nMang lại cho thú cưng của bạn nhiều niềm vui và thú cưng có thể tự chơi với chúng nếu bạn không có thời gian.\r\nTuyệt vời cho mèo, chó con, mèo con, chó và v.v.\r\nVật liệu có tiếng kêu bên trong sẽ phát ra âm thanh để thu hút sự chú ý của thú cưng.\r\nCải thiện tương tác giữa bạn và mèo của bạn.','Đồ chơi lật đật lông vũ cho mèo',1,0),(18,5,'Đồ chơi lồng chui sắc màu cho mèo',11,'Cũ','Nhựa, thép không gỉ, dây thừng','Hàng nội địa','Đổi trả theo đúng quy định. Nếu có bất kì khiếu nại cần hỗ trợ về sản phẩm, khi mở sản phẩm các bạn vui lòng quay lại video quá trình mở sản phẩm để được đảm bảo 100% đổi lại sản phẩm mới nếu hàng giao bị lỗi.','Việt Nam','Đồ chơi cho',150000,60,'anh9.1.png','anh9.2.png','anh9.3.png','Giải tỏa năng lượng: Kích thích bản năng săn mồi, giúp mèo giải tỏa năng lượng thừa thông qua việc chơi và khám phá.\r\nChỗ ẩn náu và an toàn: Cung cấp không gian riêng tư để mèo có thể nghỉ ngơi hoặc ẩn mình, tạo cảm giác an toàn.\r\nKích thích trí tò mò: Sự sắc màu và cấu trúc độc đáo kích thích sự tò mò của mèo, khuyến khích họ tìm hiểu và khám phá.\r\nGiảm căng thẳng: Một không gian ẩn náu giúp giảm căng thẳng và lo lắng ở mèo, cung cấp nơi tránh xa ánh sáng và tiếng ồn.','Đồ chơi lồng chui sắc màu cho mèo là một phụ kiện giải trí phổ biến, có nhiều công dụng và thường được làm từ các nguyên liệu an toàn',0,0),(19,5,'Đồ chơi mồi gắn vào cần câu cho mèo',8,'Mới','Cần câu, sợi dây thừng, mồi giả','Hàng nội địa','Đổi trả theo đúng quy định. Nếu có bất kì khiếu nại cần hỗ trợ về sản phẩm, khi mở sản phẩm các bạn vui lòng quay lại video quá trình mở sản phẩm để được đảm bảo 100% đổi lại sản phẩm mới nếu hàng giao bị lỗi.','Việt Nam','Đồ chơi mồi',20000,25,'anh10.1.png','anh10.2.png','anh10.3.png','Kích thích hoạt động săn mồi: Đồ chơi mồi trên cần câu giúp kích thích bản năng săn mồi của mèo, tạo ra trải nghiệm giống như việc săn lùng mục tiêu.\r\nHoạt động vận động: Mèo thường phải nhảy, đuổi và bắt mồi trên cần câu, từ đó tăng cường hoạt động vận động và cải thiện sức khỏe.\r\nTăng cường kỹ năng săn mồi: Sử dụng đồ chơi mồi giúp mèo phát triển và duy trì kỹ năng săn mồi, là một phần quan trọng của bản năng tự nhiên của chúng.\r\nGiảm căng thẳng và giải tỏa năng lượng: Hoạt động chơi với đồ chơi mồi giúp mèo giải tỏa năng lượng thừa và giảm căng thẳng.\r\nTăng tương tác chủ nhân-mèo: Chủ nhân có thể tham gia vào việc chơi với mèo, tăng cường mối quan hệ giữa họ và cung cấp thời gian giao tiếp tích cực.','Đồ chơi mồi gắn vào cần câu cho mèo là một phụ kiện giải trí phổ biến',0,0),(20,20,'Bát ăn chống gù hình gấu cho chó mèo',9,'Mới','Nhựa cao cấp','Hàng nội địa','Đổi trả theo đúng quy định. Nếu có bất kì khiếu nại cần hỗ trợ về sản phẩm, khi mở sản phẩm các bạn vui lòng quay lại video quá trình mở sản phẩm để được đảm bảo 100% đổi lại sản phẩm mới nếu hàng giao bị lỗi.','Việt Nam','Dụng cụ ăn ',60000,50,'dc1.1.png','dc1.2.png','dc1.3.png','- Nghiêng góc 45 độ khiến cho để chó mèo ngồi ăn ở tư thế chuẩn\r\n - Giúp khung xương thú cưng phát triển tốt nhất \r\n - Bổ trợ hệ tiêu hoá hoạt động tối đa','Bát chống gù lưng mặt gấu là sản phẩm được thiết kế dành riêng cho việc chỉnh dáng đứng của thú cưng khi ăn uống, giúp khung xương chuẩn và đẹp.',0,0),(21,20,'Bát ăn đôi inox hình ếch cho chó mèo',9,'Cũ','Nhựa cao cấp','Hàng nội địa','Đổi trả theo đúng quy định. Nếu có bất kì khiếu nại cần hỗ trợ về sản phẩm, khi mở sản phẩm các bạn vui lòng quay lại video quá trình mở sản phẩm để được đảm bảo 100% đổi lại sản phẩm mới nếu hàng giao bị lỗi.','Việt Nam','Bát ăn đôi ',90000,60,'dc2.1.png','dc2.2.png','dc2.3.png','Bát ăn đôi inox hình ếch được làm từ chất liệu nhựa cao cấp không gây hại, không làm ảnh hưởng đến chất lượng thức ăn, màu sắc bất mắt giúp thú cưng ăn ngon mệng hơn ..\r\n+ Sản phẩm Bát ăn đôi inox hình ếch xứng đáng là sự lựa chọn lý tưởng của bạn dành cho thú cưng.\r\n+ Bề mặt trơn láng, dễ dàng chùi rửa sạch sẽ sau khi sử dụng.\r\n+ Được thiết kế dựa trên tiêu chuẩn chất lượng của Châu Âu.\r\n+ Có bát inox dễ dàng tháo lắp vệ sinh.\r\n+ Có nhiều màu sắc khác nhau','Bát ăn đôi inox hình ếch được làm từ chất liệu nhựa cao cấp không gây hại, không làm ảnh hưởng đến chất lượng thức ăn, màu sắc bất mắt giúp thú cưng ăn ngon mệng hơn .',0,0),(22,20,'Bát ăn đôi kèm bát inox cho chó mèo',9,'Mới','inox không gỉ sắt','Hàng nội địa','Đổi trả theo đúng quy định. Nếu có bất kì khiếu nại cần hỗ trợ về sản phẩm, khi mở sản phẩm các bạn vui lòng quay lại video quá trình mở sản phẩm để được đảm bảo 100% đổi lại sản phẩm mới nếu hàng giao bị lỗi.','Việt Nam','Dụng cụ ăn ',80000,35,'dc3.1.png','dc3.2.png','dc3.3.png','Bát ăn đôi Inox cho chó mèo được làm từ chất liệu cao cấp không gây hại, không làm ảnh hưởng đến chất lượng thức ăn, màu sắc bắt mắt giúp thú cưng ăn ngon miệng hơn.\r\nSản phẩm bát ăn đôi Inox cho chó mèo xứng đáng là sự lựa chọn lý tưởng của bạn dành cho thú cưng.\r\nBát ăn inox không gỉ sắt, an toàn, không ảnh hưởng da thú cưng\r\nDễ dàng tháo rời để chùi rửa sạch sẽ sau khi sử dụng.\r\nCó nhiều màu sắc khác nhau \r\nBát ăn đôi Inox bền, đẹp cho chó mèo từ lớn đến bé.\r\nThiết kế bát đôi phù hợp cho thú cưng ăn và uống thỏa mãn nhu cầu của các bé','Bát ăn đôi Inox cho chó mèo được làm từ chất liệu cao cấp không gây hại, không làm ảnh hưởng đến chất lượng thức ăn, màu sắc bắt mắt giúp thú cưng ăn ngon miệng hơn.',0,0),(23,20,'Bát ăn đôi vuông Bamboo Fiber cho chó mèo',9,'Cũ','Nhựa cao cấp','Hàng nội địa','Đổi trả theo đúng quy định. Nếu có bất kì khiếu nại cần hỗ trợ về sản phẩm, khi mở sản phẩm các bạn vui lòng quay lại video quá trình mở sản phẩm để được đảm bảo 100% đổi lại sản phẩm mới nếu hàng giao bị lỗi.','Việt Nam','Dụng cụ ăn ',85000,73,'dc4.1.png','dc4.2.png','dc4.3.png','+ Sản phẩm xứng đáng là sự lựa chọn lý tưởng của bạn dành cho thú cưng.\r\n+ Bề mặt trơn láng, dễ dàng chùi rửa sạch sẽ sau khi sử dụng.\r\n+ Được thiết kế dựa trên tiêu chuẩn chất lượng của Châu Âu.\r\nChất liệu tốt, bền, đẹp, không độc hại, không kích ứng với da\r\nKích thước : đường kính 10cm','Sản phẩm được làm từ chất liệu nhựa cao cấp không gây hại, không làm ảnh hưởng đến chất lượng thức ăn, màu sắc bất mắt giúp thú cưng ăn ngon mệng hơn .',0,0),(24,20,'Bát ăn uống tự động hình tai mèo cho chó mèo',10,'Mới','Nhựa cao cấp','Hàng nội địa','Đổi trả theo đúng quy định. Nếu có bất kì khiếu nại cần hỗ trợ về sản phẩm, khi mở sản phẩm các bạn vui lòng quay lại video quá trình mở sản phẩm để được đảm bảo 100% đổi lại sản phẩm mới nếu hàng giao bị lỗi.','Việt Nam','Dụng cụ ăn ',180000,19,'dc5.1.png','dc5.2.png','dc5.3.png','- Bát ăn cho chó mèo được làm từ chất liệu nhựa cao cấp không gây hại, không làm ảnh hưởng đến chất lượng thức ăn, Sản phẩm cao cấp cho thú cưng của bạn. \r\n-Thiết kế bình nước tự động, dễ tháo lắp làm vệ sinh. \r\n- Bề mặt trơn láng, dễ dàng chùi rửa sạch sẽ sau khi sử dụng.','Bát ăn uống tự động hình tai mèo cho chó mèo',3,0),(25,20,'Bát inox treo chuồng bí ngô cho chó mèo',10,'Mới','Inox cao cấp','Hàng nội địa','Đổi trả theo đúng quy định. Nếu có bất kì khiếu nại cần hỗ trợ về sản phẩm, khi mở sản phẩm các bạn vui lòng quay lại video quá trình mở sản phẩm để được đảm bảo 100% đổi lại sản phẩm mới nếu hàng giao bị lỗi.','Việt Nam/China','Dụng cụ ăn ',80000,25,'dc6.1.png','dc6.2.png','dc6.3.png','Do diện tích lồng bị hạn chế nên khi thú cưng ở trong lồng, chúng rất hay làm đổ bát thức ăn. Vì vậy, việc sử dụng một chiếc bát chuyên dụng gắn lồng là điều rất cần thiết.\r\nBát có phần nút xoáy vào lồng rất chắc chắn, hạn chế tối đa việc vật nuôi làm đổ bát hoặc giẫm vào bát.\r\nThiết kế lòng bát bằng inox cao cấp, có thể tháo rời dễ dàng vệ sinh, đảm bảo an toàn cho thú cưng.','Bát Đơn Inox Gắn Chuồng Đựng Thức Ăn Nước Uống Cho Chó Mèo - Tiện Lợi Thiết Kế Chắc Chắn',0,0),(26,20,'Bình ăn uống du lịch cao cấp 2in1 hình mây cho chó mèo',8,'Mới','Chất liệu nhựa bền bỉ','Hàng nội địa','Đổi trả theo đúng quy định. Nếu có bất kì khiếu nại cần hỗ trợ về sản phẩm, khi mở sản phẩm các bạn vui lòng quay lại video quá trình mở sản phẩm để được đảm bảo 100% đổi lại sản phẩm mới nếu hàng giao bị lỗi.','Việt Nam','Bình nước d',240000,45,'dc7.1.png','dc7.2.png','dc7.3.png','- Vừa có ngăn chứa thức ăn tiện lợi.\r\n- Chất liệu nhựa bền bỉ. \r\n- Cung cấp nước cho thú cưng đi du lịch, dã ngoại, hoạt động ngoài trời.\r\n- Thiết kế nhỏ gọn với dây treo trên chai cho chó là tốt nhất cho chó con hoặc mèo của bạn khi đi bộ, đi bộ, đi du lịch hoặc chơi.\r\n- Bạn có thể đặt chai trong ba lô hoặc treo trên tay bằng dây thừng.Hai bộ phận này có thể tháo rời và dễ dàng để rửa.\r\n- Ý tưởng tuyệt vời để đi dạo ngoài trời cùng thú cưng của bạn.\r\n- Tối ưu hoá đầu ra bằng một nút bấm, chống rò rỉ nước. \r\n- Đơn giản, trọng lượng bình nhẹ, có thể sử dụng thao bằng một tay.\r\n- Tiết kiệm nước sạch trong trường hợp thú cưng không uống hết, có thể ấn nút để nước chảy ngược vào bình.','Bình nước du lịch cho chó mèo cao cấp',0,0),(27,20,'Dụng cụ đút súp thưởng cho chó mèo',7,'Mới','Nhựa PVC','Hàng nhập khẩu','Đổi trả theo đúng quy định. Nếu có bất kì khiếu nại cần hỗ trợ về sản phẩm, khi mở sản phẩm các bạn vui lòng quay lại video quá trình mở sản phẩm để được đảm bảo 100% đổi lại sản phẩm mới nếu hàng giao bị lỗi.','Trung Quốc','Dụng cụ ăn ',60000,15,'dc8.1.png','dc8.2.png','dc8.3.png','Dụng cụ đút súp thưởng giúp việc cho ăn dễ dàng hơn.\r\nDễ vệ sinh, tiện dụng, màu sắc xinh xắn.\r\nDùng muỗng này thì không lo bị sót soup thưởng nữa nhé các Sen. Đỡ dính tay mà còn sạch sẽ nữa','Dụng cụ đút súp thưởng cho chó mèo',0,0),(28,20,'Dụng cụ đút thuốc và đồ ăn cho chó mèo',10,'Mới','Nhựa','Hàng nội địa','Đổi trả theo đúng quy định. Nếu có bất kì khiếu nại cần hỗ trợ về sản phẩm, khi mở sản phẩm các bạn vui lòng quay lại video quá trình mở sản phẩm để được đảm bảo 100% đổi lại sản phẩm mới nếu hàng giao bị lỗi.','Việt Nam','Dụng cụ ăn ',50000,100,'dc9.1.png','dc9.2.png','dc9.3.png','Công Dụng:\r\n- Dụng cụ uống thuốc dùng cho thú cưng được các bác sỹ thú y thiết kế.\r\n- Là sản phẩm hoàn hảo và cần thiết cho bé và là sự lựa chọn đúng đắn của các cô cậu chủ gồm 1 ống cho uống thuốc, có nắp đậy và 1 nắp thay thế cho uống thuốc có nắp đậy.\r\n- Thiết kế đơn giản dễ dàng trong khâu uống thuốc, không sợ thuốc ra ngoài, an toàn cho các bé.\r\n- Chất liệu nhựa an toàn cho sức khỏe thú cưng và mang lại giá trị sử dụng dài lâu. Có 2 ống cao su thay thế\r\nHướng dẫn sử dụng:\r\n- Đặt sẵn thuốc vào dụng cụ như hình\r\n- Đặt mèo trên một bề mặt phẳng, lưng quay về phía bạn, đảm bảo rằng thú cưng đang trong trạng thái thoải mái nhất\r\n- Nâng đầu mèo chếch lên, đặt ống vào góc sau của miệng, ở khoảng trống không có răng rồi bấm thuốc thẳng hướng cổ họng\r\n- Nếu bé có ý định chống lại bạn, dùng một chiếc khăn quẩn quanh chân trước của bé\r\n- Thưởng thêm cho mèo thức ăn vặt','Bé nào uống thuốc khó khăn thì sắm bộ này để chuyện uống thuốc được dễ dàng hơn nha mọi người! Áp dụng cả thuốc viên, sổ giun, thuốc nước luôn',0,0),(29,20,'Máy uống nước vỏ gốm Petkit Eversweet Mini 1L cho chó mèo',10,'Mới','Được làm bằng sứ','Hàng nhập khẩu','Đổi trả theo đúng quy định. Nếu có bất kì khiếu nại cần hỗ trợ về sản phẩm, khi mở sản phẩm các bạn vui lòng quay lại video quá trình mở sản phẩm để được đảm bảo 100% đổi lại sản phẩm mới nếu hàng giao bị lỗi.','Trung Quốc','Dụng cụ ăn ',980000,25,'dc10.1.png','dc10.2.png','dc10.3.png','Toàn bộ thân máy bằng sứ, chịu nhiệt độ cao, không dễ sinh vi khuẩn\r\nLọc tuần hoàn ba chiều 360 độ, hấp thụ clo dư và vi khuẩn\r\nKết nối dễ dàng qua APP. 2 các chế độ hoạt động, công tắc một phím\r\nLõi lọc nâng cấp mới phiên bản nâng cấp 3.0, độ tăng vật liệu lọc là 150% * Lõi lọc mới không cần lắp trên khay, dòng nước thẩm thấu trực tiếp qua lõi lọc nên có tuổi thọ cao hơn và nhiều hơn lọc trực tiếp.\r\nVòi phun nước kiểu suối để thỏa mãn tính thích uống nước của thú cưng.','Máy uống nước vỏ gốm Petkit Eversweet Mini 1L cho chó mèo',0,0),(30,3,'Áo sát nách bông bi vàng cho chó mèo',7,'Mới','Vải','Hàng nội địa','Đổi trả theo đúng quy định. Nếu có bất kì khiếu nại cần hỗ trợ về sản phẩm, khi mở sản phẩm các bạn vui lòng quay lại video quá trình mở sản phẩm để được đảm bảo 100% đổi lại sản phẩm mới nếu hàng giao bị lỗi.','Việt Nam','Quần áo thú',50000,40,'qa1.1.png','qa1.2.png','qa1.3.png','<p>Giữ ấm: Quần &aacute;o gi&uacute;p giữ ấm cho ch&oacute; m&egrave;o, đặc biệt l&agrave; trong những thời tiết lạnh. Những loại ch&oacute; v&agrave; m&egrave;o c&oacute; l&ocirc;ng ngắn hoặc kh&ocirc;ng c&oacute; l&ocirc;ng nhiều c&oacute; thể cảm thấy lạnh khi thời tiết giảm nhiệt. Bảo vệ khỏi thời tiết khắc nghiệt: Quần &aacute;o c&oacute; thể bảo vệ ch&oacute; m&egrave;o khỏi mưa, gi&oacute;, tuyết, hoặc &aacute;nh nắng mặt trời mạnh. Điều n&agrave;y gi&uacute;p bảo vệ da v&agrave; l&ocirc;ng của th&uacute; cưng khỏi những t&aacute;c động ti&ecirc;u cực của thời tiết. Ph&ograve;ng tr&aacute;nh dịch bệnh: Trong m&ocirc;i trường c&oacute; nhiều vi khuẩn hoặc nơi c&ocirc;ng cộng, quần &aacute;o c&oacute; thể gi&uacute;p bảo vệ th&uacute; cưng khỏi vi khuẩn v&agrave; c&aacute;c dạng bệnh truyền nhiễm. Bảo vệ tr&aacute;nh những t&aacute;c động b&ecirc;n ngo&agrave;i: Nếu th&uacute; cưng c&oacute; vết thương hoặc sau khi phẫu thuật, quần &aacute;o c&oacute; thể gi&uacute;p bảo vệ v&ugrave;ng đ&oacute; khỏi việc ch&uacute;ng liếm hoặc g&atilde;i. Th&uacute; vui v&agrave; thời trang: Ngo&agrave;i c&aacute;c lợi &iacute;ch chăm s&oacute;c sức khỏe, nhiều chủ nh&acirc;n ch&oacute; m&egrave;o cũng th&iacute;ch trang tr&iacute; cho th&uacute; cưng của m&igrave;nh với quần &aacute;o để ch&uacute;ng trở n&ecirc;n đ&aacute;ng y&ecirc;u hơn.</p>','Phụ kiện thời trang dành cho chó mèo',27,0),(31,3,'Áo sát nách cá voi cho chó mèo',8,'Mới','Vải','Hàng nội địa','Đổi trả theo đúng quy định. Nếu có bất kì khiếu nại cần hỗ trợ về sản phẩm, khi mở sản phẩm các bạn vui lòng quay lại video quá trình mở sản phẩm để được đảm bảo 100% đổi lại sản phẩm mới nếu hàng giao bị lỗi.','Việt Nam','Phụ kiện th',40000,-1,'qa2.1.png','qa2.2.png','qa2.3.png','Nhiều chủ nhân chó mèo thích trang trí cho thú cưng của mình với quần áo để chúng trở nên đáng yêu hơn.','Phụ kiện thời trang dành cho mèo',31,0),(32,3,'Áo sát nách hoa hồng cho chó mèo',8,'Mới','Vải','Hàng nội địa','Đổi trả theo đúng quy định. Nếu có bất kì khiếu nại cần hỗ trợ về sản phẩm, khi mở sản phẩm các bạn vui lòng quay lại video quá trình mở sản phẩm để được đảm bảo 100% đổi lại sản phẩm mới nếu hàng giao bị lỗi.','Việt Nam','Phụ kiện th',50000,26,'qa3.1.png','qa3.2.png','qa3.3.png','<p>Phụ kiện thời trang d&agrave;nh cho ch&oacute; m&egrave;o</p>','Phụ kiện thời trang dành cho chó mèo',10,0),(33,3,'Áo sát nách họat hình cho chó mèo',8,'Mới','Vải','Hàng nội địa','Đổi trả theo đúng quy định. Nếu có bất kì khiếu nại cần hỗ trợ về sản phẩm, khi mở sản phẩm các bạn vui lòng quay lại video quá trình mở sản phẩm để được đảm bảo 100% đổi lại sản phẩm mới nếu hàng giao bị lỗi.','Việt Nam','Phụ kiện th',50000,35,'qa4.1.png','qa4.2.png','qa4.3.png','Phụ kiện thời trang dành cho chó mèo','Phụ kiện thời trang dành cho chó mèo',1,0),(34,3,'Áo sát nách vàng DG cho chó mèo',8,'Mới','Vải','Hàng nội địa','Đổi trả theo đúng quy định. Nếu có bất kì khiếu nại cần hỗ trợ về sản phẩm, khi mở sản phẩm các bạn vui lòng quay lại video quá trình mở sản phẩm để được đảm bảo 100% đổi lại sản phẩm mới nếu hàng giao bị lỗi.','Việt Nam','Phụ kiện th',50000,30,'qa5.1.png','qa5.2.png','qa5.3.png','Phụ kiện thời trang dành cho chó mèo','Phụ kiện thời trang dành cho chó mèo',0,0),(35,3,'Áo sát nách xanh dương DG cho chó mèo',7,'Mới','Vải','Hàng nội địa','Đổi trả theo đúng quy định. Nếu có bất kì khiếu nại cần hỗ trợ về sản phẩm, khi mở sản phẩm các bạn vui lòng quay lại video quá trình mở sản phẩm để được đảm bảo 100% đổi lại sản phẩm mới nếu hàng giao bị lỗi.','Việt Nam','Phụ kiện th',50000,23,'qa6.1.png','qa6.2.png','qa6.3.png','Phụ kiện thời trang dành cho chó mèo','Phụ kiện thời trang dành cho chó mèo',0,0),(36,3,'Áo sát nách xanh lá DG cho chó mèo',7,'Mới','Vải','Hàng nội địa','Đổi trả theo đúng quy định. Nếu có bất kì khiếu nại cần hỗ trợ về sản phẩm, khi mở sản phẩm các bạn vui lòng quay lại video quá trình mở sản phẩm để được đảm bảo 100% đổi lại sản phẩm mới nếu hàng giao bị lỗi.','Việt Nam','Phụ kiện th',50000,35,'qa7.1.png','qa7.2.png','qa7.3.png','Phụ kiện thời trang dành cho chó mèo','Phụ kiện thời trang dành cho chó mèo',0,0),(37,3,'Áo thun be nâu phối cho chó mèo',6,'Mới','Vải','Hàng nội địa','Đổi trả theo đúng quy định. Nếu có bất kì khiếu nại cần hỗ trợ về sản phẩm, khi mở sản phẩm các bạn vui lòng quay lại video quá trình mở sản phẩm để được đảm bảo 100% đổi lại sản phẩm mới nếu hàng giao bị lỗi.','Việt Nam','Phụ kiện th',45000,35,'qa8.1.png','qa8.2.png','qa8.3.png','<p>Phụ kiện thời trang d&agrave;nh cho ch&oacute; m&egrave;o</p>','Phụ kiện thời trang dành cho chó mèo',0,0),(38,3,'Nón lưỡi trai màu sắc cho chó mèo',6,'Mới','Vải','Hàng nội địa','Đổi trả theo đúng quy định. Nếu có bất kì khiếu nại cần hỗ trợ về sản phẩm, khi mở sản phẩm các bạn vui lòng quay lại video quá trình mở sản phẩm để được đảm bảo 100% đổi lại sản phẩm mới nếu hàng giao bị lỗi.','Việt Nam','Phụ kiện th',40000,30,'qa9.1.png','qa9.2.png','qa9.3.png','Phụ kiện thời trang dành cho chó mèo','Phụ kiện thời trang dành cho chó mèo',0,0),(39,3,'Nón tai bèo cho chó mèo',6,'Cũ','Vải','Hàng nội địa','Đổi trả theo đúng quy định. Nếu có bất kì khiếu nại cần hỗ trợ về sản phẩm, khi mở sản phẩm các bạn vui lòng quay lại video quá trình mở sản phẩm để được đảm bảo 100% đổi lại sản phẩm mới nếu hàng giao bị lỗi.','Việt Nam','Phụ kiện th',45000,35,'qa10.1.png','qa10.2.png','qa10.3.png','Phụ kiện thời trang danh cho chó mèo','Phụ kiện thời trang danh cho chó mèo',0,0),(40,1,'Hạt cao cấp Mister Donut T1 Kitten & Mother Cat cho mèo con & mèo mẹ',11,'Mới','Các dưỡng chất cơ bản như Protein, Axitamin, Canxi, Thịt tươi, Dầu quả, Các loại quả mọng như việt quất, dâu tây','Teb Tomsmeca','Đổi trả theo đúng quy định. Nếu có bất kì khiếu nại cần hỗ trợ về sản phẩm, khi mở sản phẩm các bạn vui lòng quay lại video quá trình mở sản phẩm để được đảm bảo 100% đổi lại sản phẩm mới nếu hàng giao bị lỗi.','Pháp','Thức ăn',150000,49,'ta1.1.png','ta1.2.png','ta1.3.png','<p>Hạt mister donut cho m&egrave;o l&agrave; d&ograve;ng sản phẩm thuộc thương hiệu Teb Tomsmeca đến từ Ph&aacute;p.&nbsp;&Ocirc;ng chủ của h&atilde;ng l&agrave; Tomsmeca đ&atilde; nghi&ecirc;n cứu về th&oacute;i quen của c&aacute;c ch&uacute; m&egrave;o tại Ch&acirc;u &Acirc;u h&agrave;ng v&agrave;i chục năm qua để cho ra mắt d&ograve;ng sản phẩm chất lượng l&agrave; Mister Donut. Với chất lượng của đạt chuẩn Ch&acirc;u &Acirc;u, to&agrave;n bộ c&aacute;c nguy&ecirc;n liệu đầu v&agrave;o v&agrave; quy tr&igrave;nh sản xuất của hạt hạt mister donut cho m&egrave;o đều được xử l&yacute;, kiểm định nghi&ecirc;m ngặt, đảm bảo tuyệt đối an to&agrave;n vệ sinh thực phẩm.</p>\r\n<p>Ưu điểm của hạt Mister Donut cho m&egrave;o Với c&ocirc;ng thức kh&aacute;c biệt th&igrave; hạt mister donut cho m&egrave;o mang lại rất nhiều c&ocirc;ng dụng nổi trội:</p>\r\n<p>- Tuyến nước bọt của m&egrave;o tập trung tại m&aacute; v&agrave; mang tai.</p>\r\n<p>- Hạt mister donut sẽ gi&uacute;p m&egrave;o hỗ trợ tuyến nước bọt n&agrave;y tốt hơn.</p>\r\n<p>- Hạt mister donut gi&uacute;p m&egrave;o c&oacute; một cảm nhận về thức ăn thật hơn. V&agrave; b&ecirc;n cạnh đ&oacute; cũng gi&uacute;p hệ ti&ecirc;u ho&aacute; của m&egrave;o tốt hơn. Hạt mister donut cho m&egrave;o gi&uacute;p m&egrave;o c&oacute; thể duy tr&igrave; được vẻ ngo&agrave;i lu&ocirc;n tươi trẻ, tr&aacute;nh sự l&atilde;o ho&aacute;, tr&aacute;nh b&eacute;o ph&igrave;, chống t&aacute;o b&oacute;n,... Hạt mister donut rất dễ d&agrave;ng bảo quản, mang đi v&agrave; cho m&egrave;o ăn ở bất kỳ nơi n&agrave;o. Hạt mister donut cho m&egrave;o c&oacute; nhiều h&igrave;nh dạng kh&aacute;c nhau k&iacute;ch th&iacute;ch sự th&iacute;ch th&uacute; của m&egrave;o cưng. Nhờ đ&oacute; gi&uacute;p m&egrave;o c&oacute; thể ăn nhiều hơn v&agrave; ngon miệng hơn. Mister donut c&oacute; rất nhiều hương vị hấp dẫn kh&aacute;c nhau cho m&egrave;o cưng c&oacute; thể lựa chọn. Mister donut c&oacute; nhiều d&ograve;ng sản phẩm ph&ugrave; hợp với đa dạng độ tuổi v&agrave; t&igrave;nh trạng sức khỏe của m&egrave;o.</p>','Hạt Mister Donut cho mèo là dòng sản phẩm thuộc thương hiệu đến từ Pháp, được đầu bếp Michelin nghiên cứu công thức riêng. Đây là một loại hạt thuộc phân khúc cao cấp dành cho mèo. ',16,0),(41,1,'Hạt cao cấp Mister Donut T2 Indoor & All cat cho mèo trưởng thành',11,'Mới','Thị tươi: bò, cá... Các loại quả mọng như việt quất, dâu tây...','Teb Tomsmeca','Đổi trả theo đúng quy định. Nếu có bất kì khiếu nại cần hỗ trợ về sản phẩm, khi mở sản phẩm các bạn vui lòng quay lại video quá trình mở sản phẩm để được đảm bảo 100% đổi lại sản phẩm mới nếu hàng giao bị lỗi.','Pháp','Hạt Mister ',150000,65,'ta2.1.png','ta2.2.png','ta2.3.png','Hạt mister donut cho mèo là dòng sản phẩm thuộc thương hiệu Teb Tomsmeca đến từ Pháp. Ông chủ của hãng là Tomsmeca đã nghiên cứu về thói quen của các chú mèo tại Châu Âu hàng vài chục năm qua để cho ra mắt dòng sản phẩm chất lượng là Mister Donut. Với chất lượng của đạt chuẩn Châu Âu, toàn bộ các nguyên liệu đầu vào và quy trình sản xuất của hạt hạt mister donut cho mèo đều được xử lý, kiểm định nghiêm ngặt, đảm bảo tuyệt đối an toàn vệ sinh thực phẩm. ','Hạt Mister Donut cho mèo là dòng sản phẩm thuộc thương hiệu đến từ Pháp, được đầu bếp Michelin nghiên cứu công thức riêng. Đây là một loại hạt thuộc phân khúc cao cấp dành cho mèo. ',1,0),(42,1,'Hạt Catchy 400g cho mèo',11,'Mới','Bột thịt, ngô, cám gạo chiết xuất, bột đậu nành, sắn, bột cá đại dương, gạo tấm, dầu cá đại dương, dầu gà, dầu cá ngừ, chất bảo quản, taurine, choline clorua, bột tôm, vitamin và khoáng chất','Catchy','Đổi trả theo đúng quy định. Nếu có bất kì khiếu nại cần hỗ trợ về sản phẩm, khi mở sản phẩm các bạn vui lòng quay lại video quá trình mở sản phẩm để được đảm bảo 100% đổi lại sản phẩm mới nếu hàng giao bị lỗi.','Pháp','Catchy',25000,30,'ta3.1.png','ta3.2.png','ta3.3.png','THÀNH PHẦN DINH DƯỠNG: Độ ẩm 10,0%, Protein thô 26,0%, Chất béo thô 9,0%, Tro thô 12,0%, Xơ thô 6,0%.\r\nHạn sử dụng/ số lô sản xuất: xem mặt sau của bao bì. Lưu trữ ở nơi khô thoáng. Đậy kín túi sau khi sử dụng.\r\nCÔNG DỤNG:\r\n- Nguồn protein cao từ thịt cá ngừ giúp mèo hấp thu đầy đủ chất dinh dưỡng triệt để.\r\n- Đồng thời cung cấp vitamin, khoáng chất, omega 3&6 và taurine giúp mèo có bộ lông sáng bóng, mềm mượt.','Thức ăn dành cho mèo',3,0),(43,1,'Hạt hỗ trợ chức năng thận Royal Canin Renal 2Kg cho mèo trưởng thành',9,'Mới','Bột bắp, gạo, chất béo động vật, gluten lúa mì*, bắp, protein đậu nành*, xơ thực vật, gluten bắp, khoáng chất, protein động vật, rau diếp xoăn, dầu cá, dầu đậu nành.','Mars, Incorporated','Đổi trả theo đúng quy định. Nếu có bất kì khiếu nại cần hỗ trợ về sản phẩm, khi mở sản phẩm các bạn vui lòng quay lại video quá trình mở sản phẩm để được đảm bảo 100% đổi lại sản phẩm mới nếu hàng giao bị lỗi.','Pháp','Thức ăn dàn',685000,23,'ta4.1.png','ta4.2.png','ta4.3.png','Cho mèo sử dụng chế độ ăn Royal Canin Renal ngay khi nồng độ creatinine* vượt khỏi chỉ số tham chiếu (CKD cuối giai đoạn 2) , trước khi tình hình biến xấu và chuyển thành bệnh mạn tính. Trong trường hợp mèo bỏ ăn có thể chuyển sang chế độ ăn Renal mà không cần bước chuyển đổi (quy tắc đổi thức ăn 7 ngày). Theo dõi sức khỏe thận ở mèo dựa vào bảng chỉ số khoáng chất trong máu (Renal panel): trường hợp lượng canxi trong máu tăng cao hoặc rối loạn chỉ số khoáng chất khác (VD: Hạ nồng độ Kali trong máu).Trong hầu hết các trường hợp, mèo có thể tiếp tục duy trì sử dụng Royal Canin Renal suốt đời. ','Thức ăn cao cấp dành cho mèo',23,0),(44,1,'Hạt hữu cơ đa đạm vị gà & cá hồi Natural Core C1 800g cho mèo mọi độ tuổi',9,'Cũ','Protein từ thịt gà rút xương và cá hồi','Natural Core','Đổi trả theo đúng quy định. Nếu có bất kì khiếu nại cần hỗ trợ về sản phẩm, khi mở sản phẩm các bạn vui lòng quay lại video quá trình mở sản phẩm để được đảm bảo 100% đổi lại sản phẩm mới nếu hàng giao bị lỗi.','Hàn Quốc','Thức ăn dàn',160000,40,'ta5.1.png','ta5.2.png','ta5.3.png','Nguồn protein dồi dào từ thịt gà rút xương và cá hồi. \r\nNguyên liệu không chứa kháng sinh, phân bón hóa học, màu nhân tạo, GMO.\r\nKhông gây dị ứng, an toàn cho sức khỏe của mèo.\r\nCải thiện chức năng tiêu hóa, ngăn ngừa tiêu chảy, giảm mùi phân.\r\nChứa yến mạch tốt cho da, giúp lông bóng mượt. \r\nCó lợi cho tiết niệu và tim mạch. \r\n','Hạt hữu cơ đa đạm vị gà & cá hồi Natural Core C1 800g cho mèo mọi độ tuổi',2,0),(45,1,'Hạt Nutrience Infusion Kitten 500g vị gà rau củ cho mèo con',7,'Mới','Thịt gà chất lượng cao, rau củ','Nutrience','Đổi trả theo đúng quy định. Nếu có bất kì khiếu nại cần hỗ trợ về sản phẩm, khi mở sản phẩm các bạn vui lòng quay lại video quá trình mở sản phẩm để được đảm bảo 100% đổi lại sản phẩm mới nếu hàng giao bị lỗi.','Canada','Thức ăn dàn',135000,40,'ta6.1.png','ta6.2.png','ta6.3.png','Thịt gà chất lượng là thành phần đầu tiên trong công thức Nutrience Original Healthy Kitten giúp đảm bảo sự tăng trưởng tối ưu cho mèo con của bạn.','Thức ăn tự nhiên cao cấp cho tất cả các giống mèo con (dưới 12 tháng tuổi).',2,0),(46,1,'Hạt Reflex Adult Chicken & Rice 2kg cho mèo trưởng thành',7,'Mới','Protein động vật (cá hồi) (khử nước), ngũ cốc (gạo, bắp, lúa mì), mỡ gà, Protein cá hồi (khử nước), Protein cá cơm (khử nước), gluten bắp, củ cải đường, hương cá, dầu cá hồi, dầu cá cơm, vitamin và khoáng chất, hạt lanh, men bia, muối, taurine, MOS (thành','Lider Pet Food ','Đổi trả theo đúng quy định. Nếu có bất kì khiếu nại cần hỗ trợ về sản phẩm, khi mở sản phẩm các bạn vui lòng quay lại video quá trình mở sản phẩm để được đảm bảo 100% đổi lại sản phẩm mới nếu hàng giao bị lỗi.','Thổ Nhĩ Kỳ','Thức ăn dàn',170000,45,'ta7.1.png','ta7.2.png','ta7.3.png','Dành cho tất cả giống mèo trên 12 tháng tuổi. Thể trọng từ 1kg – 8kg. Công thức đặc biệt dành cho các giống mèo trưởng thành (đặc biệt giúp tiệt trùng đường ruột ở mèo). Sự cân bằng của Omega 3 & Omega 6 đã đạt được bằng cách sử dụng hạt lanh giúp lông bóng mượt. Chiết xuất cây Yucca giúp tăng khả năng hấp thụ dinh dưỡng, kiểm soát mùi. Men bia giúp hệ thống miễn dịch được tăng cường & năng suất vật nuôi được cải thiện. Bổ sung Vitamin A, D3, E, C và khoáng chất','Thức ăn khô cho mèo với công thức cân bằng và hoàn chỉnh dành cho giống mèo trưởng thành.',2,0),(47,1,'Hạt Reflex Adult Salmon & Anchovy 2kg cho mèo trưởng thành',5,'Mới','Protein động vật (cá hồi) (khử nước), ngũ cốc (gạo, bắp, lúa mì), mỡ gà, Protein cá hồi (khử nước), Protein cá cơm (khử nước), gluten bắp, củ cải đường, hương cá, dầu cá hồi, dầu cá cơm, vitamin và khoáng chất, hạt lanh, men bia, muối, taurine, MOS (thành','Lider Pet Food ','Đổi trả theo đúng quy định. Nếu có bất kì khiếu nại cần hỗ trợ về sản phẩm, khi mở sản phẩm các bạn vui lòng quay lại video quá trình mở sản phẩm để được đảm bảo 100% đổi lại sản phẩm mới nếu hàng giao bị lỗi.','Thổ Nhĩ Kỳ','Thức ăn dàn',191000,38,'ta8.1.png','ta8.2.png','ta8.3.png','Dành cho tất cả giống mèo trên 12 tháng tuổi. Thể trọng từ 1kg – 8kg. Công thức đặc biệt dành cho các giống mèo trưởng thành (đặc biệt giúp tiệt trùng đường ruột ở mèo). Sự cân bằng của Omega 3 & Omega 6 đã đạt được bằng cách sử dụng hạt lanh giúp lông bóng mượt. Chiết xuất cây Yucca giúp tăng khả năng hấp thụ dinh dưỡng, kiểm soát mùi. Men bia giúp hệ thống miễn dịch được tăng cường & năng suất vật nuôi được cải thiện. Bổ sung Vitamin A, D3, E, C và khoáng chất.','Thức ăn khô cho mèo với công thức cân bằng và hoàn chỉnh dành cho giống mèo trưởng thành.',4,0),(48,1,'Hạt Reflex Plus Adult Choosy vị cá hồi 1.5kg cho mèo trưởng thành',10,'Mới','Protein cá hồi (khử nước tối thiểu 27%), protein gà (khử nước), gạo, bắp, mỡ gà bã củ dền, hương cá, hương gan, dầu cá hồi, vitamin và khoáng chất, xylo-oligosaccharides, men bia, muối, chiết xuất cây yucca schidigera, chất bảo quản chống oxy hóa.','Lider Pet Food ','Đổi trả theo đúng quy định. Nếu có bất kì khiếu nại cần hỗ trợ về sản phẩm, khi mở sản phẩm các bạn vui lòng quay lại video quá trình mở sản phẩm để được đảm bảo 100% đổi lại sản phẩm mới nếu hàng giao bị lỗi.','Thổ Nhĩ Kỳ','Thức ăn khô',207000,30,'ta9.1.png','ta9.2.png','ta9.3.png','Dành cho tất cả giống mèo từ 2 tháng đến 12 tháng tuổi. Thể trọng từ 2kg – 10kg. Công thức đặc biệt cao cấp dành cho các giống mèo trưởng thành. Sự cân bằng của Omega 3 & Omega 6 đã đạt được bằng cách sử dụng hạt lanh giúp lông bóng mượt. Chiết xuất cây Yucca giúp tăng khả năng hấp thụ dinh dưỡng, kiểm soát mùi. Men bia giúp hệ thống miễn dịch được tăng cường & năng suất vật nuôi được cải thiện. Xylo-oligosaccharides (XOS) giúp giảm các vấn đề như chất béo không mong muốn và đường huyết ở mèo với giá trị Calo xấp xỉ bằng không. Cải thiện quá trình tiêu hóa và chuyển hóa thức ăn bằng cách cải thiện hệ vi khuẩn đường ruột. Tác dụng chống oxy hóa tự nhiên. Bổ sung Vitamin A, D3, E, C và khoáng chất.','Thức ăn khô cho mèo siêu cao cấp với công thức cân bằng và hoàn chỉnh dành cho mèo trưởng thành',3,0),(49,1,'Hạt Royal Canin Gastro Fibre Response 400g cho mèo bị táo bón',11,'Mới','Thức ăn cho mèo giàu chất xơ này được chế biến đặc biệt với sự hòa trộn của các chất xơ hòa tan và không hòa tan.','Royal Canin','Đổi trả theo đúng quy định. Nếu có bất kì khiếu nại cần hỗ trợ về sản phẩm, khi mở sản phẩm các bạn vui lòng quay lại video quá trình mở sản phẩm để được đảm bảo 100% đổi lại sản phẩm mới nếu hàng giao bị lỗi.','Pháp','Thức ăn dàn',173000,25,'ta10.1.png','ta10.2.png','ta10.3.png','Thức ăn cho mèo giàu chất xơ này được chế biến đặc biệt với sự hòa trộn của các chất xơ hòa tan và không hòa tan để hỗ trợ chuyển động của đường ruột đối với những rối loạn về chỉ số GI của mèo. Prebiotics giúp duy trì sự cân bằng của vi khuẩn tốt trong ruột. Sự hòa trộn của các chất xơ hỗ trợ tiêu hóa khỏe mạnh để có chất lượng phân tối ưu. Axit béo Omega-3, EPA và DHA, từ dầu cá giúp nuôi dưỡng và làm dịu đường tiêu hóa. Và Chỉ số S / O độc quyền hỗ trợ sức khỏe tiết niệu bằng cách tạo ra một môi trường không thuận lợi cho sự hình thành tinh thể trong bàng quang.','Thức ăn dành cho mèo bị táo bón',2,0),(52,3,'Áo thun lưới cam gấu nâu cho chó mèo',6,'Mới','Vải','Hàng nội địa','Đổi trả theo đúng quy định. Nếu có bất kì khiếu nại cần hỗ trợ về sản phẩm, khi mở sản phẩm các bạn vui lòng quay lại video quá trình mở sản phẩm để được đảm bảo 100% đổi lại sản phẩm mới nếu hàng giao bị lỗi.','Việt Nam','Phụ kiện th',50000,25,'qa11.1.png','qa11.2.png','qa11.3.png','Phụ kiện thời trang','Phụ kiện thời trang',2,0),(53,1,'Hạt Kitten Cat',4,'Mới','Bột thịt gà, bột ngô, bột củ cải đường','Lider Pet Food ','Đổi trả theo đúng quy định. Nếu có bất kì khiếu nại cần hỗ trợ về sản phẩm, khi mở sản phẩm các bạn vui lòng quay lại video quá trình mở sản phẩm để được đảm bảo 100% đổi lại sản phẩm mới nếu hàng giao bị lỗi.','Thổ Nhĩ Kỳ','Thức ăn dàn',106000,40,'ta12.1.png','ta12.2.png','ta12.3.png','Thức ăn dành cho mèo giúp duy trì một trái tim và thị lực khỏe mạnh đồng thời cung cấp axit amin thiết yếu','Thức ăn dành cho mèo',3,0);
/*!40000 ALTER TABLE `sanpham` ENABLE KEYS */;

--
-- Table structure for table `slide`
--

DROP TABLE IF EXISTS `slide`;
/*!40101 SET @saved_cs_client     = @@character_set_client */;
/*!40101 SET character_set_client = utf8 */;
CREATE TABLE `slide` (
  `id` int(11) NOT NULL AUTO_INCREMENT,
  `ten` varchar(255) NOT NULL,
  `link` varchar(255) NOT NULL,
  `anh` text NOT NULL,
  `mota` text NOT NULL,
  PRIMARY KEY (`id`)
) ENGINE=InnoDB AUTO_INCREMENT=4 DEFAULT CHARSET=utf8mb3 COLLATE=utf8mb3_general_ci;
/*!40101 SET character_set_client = @saved_cs_client */;

--
-- Dumping data for table `slide`
--

/*!40000 ALTER TABLE `slide` DISABLE KEYS */;
INSERT INTO `slide` VALUES (1,'Thức ăn thú cưng','https://bastethome.shop/category.php?id=1','slide 2.jpg','Yêu thú cưng của bạn, chúng tôi cung cấp dinh dưỡng tốt nhất!'),(2,'Sức khỏe và niềm vui qua từng viên thức ăn!','https://bastethome.shop/detail.php?id=43','Slide1.jpg','Dinh dưỡng mà bạn có thể tin tưởng, vị ngon mà thú cưng yêu thích!'),(3,'Royal Canin','https://bastethome.shop/detail.php?id=43','Slide3.png','Thực phẩm dinh dưỡng của Pháp dành cho chó mèo');
/*!40000 ALTER TABLE `slide` ENABLE KEYS */;

--
-- Table structure for table `taikhoan`
--

DROP TABLE IF EXISTS `taikhoan`;
/*!40101 SET @saved_cs_client     = @@character_set_client */;
/*!40101 SET character_set_client = utf8 */;
CREATE TABLE `taikhoan` (
  `id` int(11) NOT NULL AUTO_INCREMENT,
  `taikhoan` varchar(55) NOT NULL,
  `matkhau` varchar(50) NOT NULL,
  `hoten` varchar(100) NOT NULL,
  `anh` text NOT NULL,
  `sdt` text NOT NULL,
  `diachi` varchar(255) NOT NULL,
  `phanquyen` int(11) NOT NULL DEFAULT 0,
  `superuser` tinyint(4) NOT NULL DEFAULT 0,
  `status` int(11) NOT NULL DEFAULT 0,
  PRIMARY KEY (`id`)
) ENGINE=InnoDB AUTO_INCREMENT=18 DEFAULT CHARSET=utf8mb3 COLLATE=utf8mb3_general_ci;
/*!40101 SET character_set_client = @saved_cs_client */;

--
-- Dumping data for table `taikhoan`
--

/*!40000 ALTER TABLE `taikhoan` DISABLE KEYS */;
INSERT INTO `taikhoan` VALUES (1,'admin@gmail.com','admin123','Quản trị viên','','0971801472','34 Trưng Nhị, Nguyễn Trãi, Hà Đông, Hà Nội',0,0,0),(3,'vutuananh@gmail.com','Vu06102001','Vũ Tuấn Anh','Alistar playing the cowbell by naclyaf.jpg','0971801472','Hà Nội',1,0,0),(7,'ngothuyhang@gmail.com','Vu06102001','Ngô Thuý Hằng','','985736321','',2,0,0),(9,'khachhang@gmail.com','Vu06102001','Khách hàng 02','','968565733','',2,0,1),(10,'khachhang03@gmail.com','Vu06102001','Khách hàng 03','','947343432','',2,0,0),(12,'vuminhhieu0621@gmail.com','wavtiv-qucXun-4mimza','Hieu','','326839938','',2,0,0),(14,'han13.11.love@gmail.com','123','Gia Hân','','379922962','',2,0,0),(15,'vuthithao@gmail.com','Vu06102001','Vũ Thị Thảo','','','',1,0,0),(16,'sontung@gmail.com','Vu06102001','Nguyễn Sơn Tùng','','0984242313','Duyên Thái, Thường Tín, Hà Nội',2,0,0),(17,'ngothuyhang0103@gmail.com','Vu06102001','Ngô Thuý Hằng','','','',1,0,0);
/*!40000 ALTER TABLE `taikhoan` ENABLE KEYS */;

--
-- Table structure for table `taikhoan_quyen`
--

DROP TABLE IF EXISTS `taikhoan_quyen`;
/*!40101 SET @saved_cs_client     = @@character_set_client */;
/*!40101 SET character_set_client = utf8 */;
CREATE TABLE `taikhoan_quyen` (
  `id` int(11) NOT NULL AUTO_INCREMENT,
  `id_taikhoan` int(11) NOT NULL,
  `id_quyen` int(11) NOT NULL,
  PRIMARY KEY (`id`),
  UNIQUE KEY `unique_user_permission` (`id_taikhoan`,`id_quyen`),
  KEY `taikhoan_quyen_ibfk_2` (`id_quyen`)
) ENGINE=InnoDB AUTO_INCREMENT=46 DEFAULT CHARSET=utf8mb3 COLLATE=utf8mb3_general_ci;
/*!40101 SET character_set_client = @saved_cs_client */;

--
-- Dumping data for table `taikhoan_quyen`
--

/*!40000 ALTER TABLE `taikhoan_quyen` DISABLE KEYS */;
INSERT INTO `taikhoan_quyen` VALUES (43,3,3),(44,3,7),(45,3,9),(23,6,3),(24,6,4),(25,6,7),(38,15,1),(39,15,9);
/*!40000 ALTER TABLE `taikhoan_quyen` ENABLE KEYS */;

--
-- Table structure for table `tintuc`
--

DROP TABLE IF EXISTS `tintuc`;
/*!40101 SET @saved_cs_client     = @@character_set_client */;
/*!40101 SET character_set_client = utf8 */;
CREATE TABLE `tintuc` (
  `id` int(11) NOT NULL AUTO_INCREMENT,
  `ten` varchar(255) NOT NULL,
  `mota` text NOT NULL,
  `noidung` text NOT NULL,
  `anh` varchar(100) NOT NULL,
  `created_at` timestamp NOT NULL DEFAULT current_timestamp(),
  `updated_at` timestamp NOT NULL DEFAULT current_timestamp(),
  PRIMARY KEY (`id`)
) ENGINE=InnoDB AUTO_INCREMENT=12 DEFAULT CHARSET=utf8mb3 COLLATE=utf8mb3_general_ci;
/*!40101 SET character_set_client = @saved_cs_client */;

--
-- Dumping data for table `tintuc`
--

/*!40000 ALTER TABLE `tintuc` DISABLE KEYS */;
INSERT INTO `tintuc` VALUES (7,'Hạt Royal Canin cho mèo có tốt không ?','Nếu mình nói với bạn : mình cho mèo ăn ngô và gạo, chắc chắn bạn sẽ nghĩ rằng mình có vấn đề. Nhưng nếu bạn cho thú cưng của mình ăn Royal Canin thì đó là điều bạn đang làm. Lý do rất đơn giản và có thể được tổng hợp thành hai lý do ????','<h2 id=\"thong-tin-ve-thuc-an-hat-cho-meo-royal-canin\"><strong>Th&ocirc;ng tin về thức ăn hạt cho m&egrave;o Royal Canin</strong></h2>\r\n<p>Royal Canin được tạo ra bởi Mars . Bạn c&oacute; biết rằng? Họ sản xuất nhiều nh&atilde;n hiệu thức ăn cho vật nu&ocirc;i, v&agrave; đ&acirc;y l&agrave; nh&atilde;n hiệu \"cao cấp\" nhất của họ. Ngo&agrave;i ra một sột nh&atilde;n hiệu kh&aacute;c như Whiskas, Frankie, Purina,... đều l&agrave; c&aacute;c loại thức ăn chứa phẩm m&agrave;u v&agrave; hầu hầu hết th&agrave;nh phần&nbsp;l&agrave; ngũ cốc.</p>\r\n<p><img src=\"https://petland.vn/cdn/upload/images/article/Review%20Cat%20Food/review-royal-canin.jpg\" alt=\"\" width=\"800\" height=\"450\"></p>\r\n<h3 id=\"thanh-phan-chi-so-\"><strong>Th&agrave;nh phần, chỉ số :</strong></h3>\r\n<p>Protein gia cầm, chất b&eacute;o động vật,&nbsp;<strong>bột bắp</strong>,&nbsp;<strong>gạo</strong>,&nbsp;<strong>protein thực vật*</strong>, protein động vật, men, dầu c&aacute;, củ cải đường, xơ thực vật, dầu đậu n&agrave;nh, kho&aacute;ng chất, fructo-oligo-sacarit (0,35%), men thủy ph&acirc;n (nguồn manno-oligo-sacarit), chiết xuất men (nguồn betaglucan), chiết xuất c&uacute;c vạn thọ (nguồn lutein).</p>\r\n<ul style=\"list-style-type: none;\">\r\n<li style=\"list-style-type: disc;\">Protein: 32%</li>\r\n<li style=\"list-style-type: disc;\">Fat content: 15%</li>\r\n<li style=\"list-style-type: disc;\">Crude ash: 7.6%</li>\r\n<li style=\"list-style-type: disc;\">Crude fiber: 4.3%</li>\r\n</ul>\r\n<h3 id=\"danh-gia\"><strong>Đ&aacute;nh gi&aacute;</strong></h3>\r\n<p>Từ bảng th&agrave;nh phần c&oacute; thể thất Royal Canin thuộc d&ograve;ng thức ăn độn ngũ cốc, cụ thể :</p>\r\n<ul style=\"list-style-type: none;\">\r\n<li style=\"list-style-type: disc;\">Tất cả c&aacute;c d&ograve;ng thức ăn kh&ocirc; của Royal Canin đều c&oacute; chung đặc điểm l&agrave; sử dụng protein gia cầm, ch&iacute;nh x&aacute;c l&agrave; c&aacute;c loại bột thịt gia cầm v&agrave; c&aacute;c loại ngũ cốc kh&ocirc;ng r&otilde; r&agrave;ng</li>\r\n<li style=\"list-style-type: disc;\">Bột thịt chỉ chiếm 1 đến 2 trong 5 th&agrave;nh phần ch&iacute;nh của hạt, c&ograve;n lại l&agrave; c&aacute;c loại ngũ cốc.</li>\r\n<li style=\"list-style-type: disc;\">Một số d&ograve;ng như Fit 32 c&ograve;n tệ đến mức t&aacute;ch c&aacute;c th&agrave;nh phần ngũ cốc (l&uacute;a m&igrave;-bột l&uacute;a m&igrave;, ng&ocirc; - gluten ng&ocirc;) ,&nbsp;tương tự ra để đẩy th&agrave;nh phần động vật l&ecirc;n đầu ti&ecirc;n. Đ&acirc;y l&agrave; thủ thuật của c&aacute;c h&atilde;ng thức ăn thiếu trung thực,&nbsp;g&acirc;y hiểu lầm cho người sử dụng nếu kh&ocirc;ng xem x&eacute;t kỹ.</li>\r\n<li style=\"list-style-type: disc;\">Nh&igrave;n chung nguy&ecirc;n liệu của Royal Canin l&agrave; những loại nguy&ecirc;n liệu gi&aacute; rẻ, kh&ocirc;ng giống như t&ecirc;n gọi của m&igrave;nh.</li>\r\n<li style=\"list-style-type: disc;\">Với thức ăn độn nhiều ngũ cốc, m&egrave;o sẽ gặp phải vấn đề b&eacute;o ph&igrave; do tinh bột gạo, lượng lớn carb c&oacute; trong ng&ocirc;.</li>\r\n<li style=\"list-style-type: disc;\">Nguồn cung cấp protein từ thịt kh&ocirc;ng đa dạng v&agrave; r&otilde; r&agrave;ng, điều n&agrave;y đồng nghĩa với việc sử dụng bất cứ thứ g&igrave; miễn l&agrave; nguồn gốc động vật.</li>\r\n<li style=\"list-style-type: disc;\">Protein (%) kh&ocirc;ng được đ&aacute;nh gi&aacute; do c&aacute;c loại hạt chứa ngũ cốc độn v&agrave;o để tăng số liệu % m&agrave; kh&ocirc;ng c&oacute; nhiều &yacute; nghĩa với vật nu&ocirc;i n&ecirc;n PetLand sẽ kh&ocirc;ng đưa v&agrave;o ti&ecirc;u ch&iacute; đ&aacute;nh gi&aacute; sản phẩm.</li>\r\n<li style=\"list-style-type: disc;\">Với mức gi&aacute; 170k-250k của Royal Canin, kh&ocirc;ng một sản phẩm n&agrave;o c&oacute; chất lượng xứng đ&aacute;ng với gi&aacute; tiền mang lại.</li>\r\n</ul>\r\n<p><strong>Kết luận :&nbsp;</strong>&nbsp;Thực tế c&aacute;c sản phẩm của Mars ph&acirc;n phối hầu như bị tẩy chay ở c&aacute;c nước &Acirc;u, Mỹ, &Uacute;c,...&nbsp;chỉ b&aacute;n chạy ở c&aacute;c nước Ch&acirc;u &Aacute; như Trung Quốc, Việt Nam, nơi m&agrave; mua sắm bằng review, truyền miệng m&agrave; kh&ocirc;ng hề quan t&acirc;m đến chất lượng th&agrave;nh phần&nbsp;thực sự của sản phẩm.</p>\r\n<h2 id=\"so-sanh-royal-canin-voi-cac-loai-thuc-an-khac\"><strong>So s&aacute;nh Royal Canin với c&aacute;c loại thức ăn kh&aacute;c</strong></h2>\r\n<p>Kh&ocirc;ng ai y&ecirc;u thương boss&nbsp;bằng ch&iacute;nh m&igrave;nh, n&ecirc;n việc tự tay chế biến thức ăn cho boss lu&ocirc;n l&agrave; điều tuyệt vời nhất, kế đến l&agrave;&nbsp;c&aacute;c loại pate tươi, thức ăn ướt (wet food) đ&oacute;ng hộp, thức ăn hạt kh&ocirc; v&agrave; c&aacute;c loại thức ăn bổ sung.</p>\r\n<h3 id=\"thuc-an-hat-kho\"><strong>Thức ăn hạt kh&ocirc;</strong></h3>\r\n<p>Đ&acirc;y l&agrave; loại thức ăn phổ biến hiện nay :</p>\r\n<p><strong>Ưu điểm</strong></p>\r\n<ul style=\"list-style-type: none;\">\r\n<li style=\"list-style-type: disc;\">Dể sử dụng, bảo quản, sạch sẽ...</li>\r\n<li style=\"list-style-type: disc;\">Ph&ugrave; hợp c&aacute;c sen &iacute;t thời gian chăm s&oacute;c c&aacute;c boss</li>\r\n</ul>\r\n<p><strong>Nhược điểm</strong></p>\r\n<ul style=\"list-style-type: none;\">\r\n<li style=\"list-style-type: disc;\">Dễ chọn nhầm phải thức ăn k&eacute;m chất lượng độn ngũ cốc, chứa phẩm m&agrave;u, hương liệu, chất bảo quản,...</li>\r\n</ul>\r\n<h3 id=\"thuc-an-uot-dong-hop\"><strong>Thức ăn ướt đ&oacute;ng hộp</strong></h3>\r\n<p>Đ&acirc;y l&agrave; loại thức ăn dần trở th&agrave;nh xu hướng mới bởi những lợi &iacute;ch của n&oacute; mang lại :</p>\r\n<p><strong>Ưu điểm :</strong></p>\r\n<ul>\r\n<li style=\"list-style-type: none;\">\r\n<ul style=\"list-style-type: none;\">\r\n<li style=\"list-style-type: disc;\">Tiện dụng dễ t&igrave;m mua, dễ bảo quản.</li>\r\n<li style=\"list-style-type: disc;\">Cung cấp đầy đủ dinh dưỡng, nước,...</li>\r\n</ul>\r\n</li>\r\n</ul>\r\n<p><strong>Nhược điểm :</strong></p>\r\n<ul>\r\n<li style=\"list-style-type: none;\">\r\n<ul style=\"list-style-type: none;\">\r\n<li style=\"list-style-type: disc;\">Với c&aacute;c sen bận bịu c&ocirc;ng việc vẫn cần sử dụng hạt kh&ocirc;&nbsp;cho bữa trưa, khi kh&ocirc;ng ở nh&agrave; .</li>\r\n<li style=\"list-style-type: disc;\">Tr&aacute;nh c&aacute;c loại pate chứa hương liệu, điều vị,...</li>\r\n</ul>\r\n</li>\r\n</ul>\r\n<p><strong>Ch&uacute; &yacute;:</strong></p>\r\n<ul>\r\n<li style=\"list-style-type: none;\">\r\n<ul>\r\n<li>Tr&aacute;nh sử dụng c&aacute;c loại pate, s&uacute;p thưởng&nbsp;gi&aacute; rẻ kh&ocirc;ng r&otilde; nguồn gốc.</li>\r\n<li>Pate chia l&agrave;m 2 loại l&agrave; thức ăn ho&agrave;n chỉnh(cung cấp đầy đủ dinh dưỡng)&nbsp;v&agrave; thức ăn bổ sung(thiếu dinh dưỡng, chỉ được sử dụng bổ sung) ghi tr&ecirc;n tem nh&atilde;n phụ.</li>\r\n<li>Giống như thức ăn kh&ocirc;, th&agrave;nh phần của đa số c&aacute;c loại pate hiện nay thường độn c&aacute;c loại chất độn&nbsp;kh&ocirc;ng phải l&agrave; thịt, c&aacute;c sen h&atilde;y ch&uacute; &yacute;.</li>\r\n</ul>\r\n</li>\r\n</ul>','uploads/new1.jpg','2023-12-09 14:30:29','2023-12-09 14:30:29'),(8,'Các loại thức ăn Royal Canin cho mèo theo từng độ tuổi','Royal Canin cho mèo được sản xuất nhằm mục đích cung cấp dinh dưỡng cho thú cưng một cách đầy đủ và phù hợp nhất với các loại hạt thức ăn đạt các tiêu chuẩn quốc tế.','<p style=\"text-align: justify;\">Royal Canin cho m&egrave;o được sản xuất nhằm mục đ&iacute;ch cung cấp dinh dưỡng cho th&uacute; cưng một c&aacute;ch đầy đủ v&agrave; ph&ugrave; hợp nhất với c&aacute;c loại hạt thức ăn đạt c&aacute;c ti&ecirc;u chuẩn quốc tế. Tr&ecirc;n thị trường hiện nay, xuất hiện rất nhiều loại hạt Royal Canin khiến cho mọi người hoang mang kh&ocirc;ng biết n&ecirc;n chọn lựa như thế n&agrave;o? Vậy th&igrave;, h&atilde;y để b&agrave;i viết dưới đ&acirc;y hỗ trợ c&aacute;c bạn nh&eacute;!</p>\r\n<p style=\"text-align: justify;\">Đối với th&uacute; cưng l&agrave; m&egrave;o, sản phẩm Royal Canin được chia th&agrave;nh 2 nh&oacute;m: c&aacute;c loại hạt Royal Canin d&agrave;nh cho m&egrave;o từ 12 th&aacute;ng tuổi trở l&ecirc;n v&agrave; c&aacute;c loại hạt Royal Canin d&agrave;nh cho m&egrave;o dưới 12 th&aacute;ng. Trong mỗi nh&oacute;m, lại c&oacute; c&aacute;c d&ograve;ng sản phẩm d&agrave;nh ri&ecirc;ng cho th&uacute; cưng t&ugrave;y theo t&igrave;nh trạng sức khỏe, theo giống hoặc đặc điểm về sinh l&yacute;. Cụ thể:</p>\r\n<h2 id=\"1-hat-royal-canin-cho-meo-tu-12-thang-tro-len\">1. Hạt Royal Canin cho m&egrave;o từ 12 th&aacute;ng trở l&ecirc;n</h2>\r\n<p>Được ph&acirc;n chia th&agrave;nh 3 nh&oacute;m, bao gồm:</p>\r\n<h3 id=\"1-1-theo-giong\">1.1 Theo giống</h3>\r\n<p><img style=\"display: block; margin-left: auto; margin-right: auto;\" src=\"https://fagopet.vn/storage/tf/38/tf38u4cfl331qhnd85r3cwnyuxt5.webp\" alt=\"\" width=\"647\" height=\"647\"></p>\r\n<p style=\"text-align: center;\"><em>Royal Canin British Shorthair Adult</em>&nbsp;</p>\r\n<h4 style=\"text-align: justify;\"><strong>1.1.1 Royal Canin British Shorthair Adult (tr&ecirc;n 12 th&aacute;ng)</strong></h4>\r\n<p style=\"text-align: justify;\">D&agrave;nh cho m&egrave;o Anh l&ocirc;ng ngắn trưởng th&agrave;nh tr&ecirc;n 12 th&aacute;ng. Royal Canin n&agrave;y sở hữu c&ocirc;ng thức hỗ trợ hệ xương khớp vận động mạnh của m&egrave;o đồng thời duy tr&igrave; khối lượng cơ v&agrave; gi&uacute;p bổ sung phong ph&uacute; th&ecirc;m chất dinh dưỡng cho tr&aacute;i tim khỏe mạnh.</p>\r\n<h4 style=\"text-align: justify;\"><strong>1.1.2 Royal Canin British ShortHair Adult (dưới 12 th&aacute;ng)</strong></h4>\r\n<p style=\"text-align: justify;\">L&agrave; 1 trong c&aacute;c loại thức ăn Royal Canin cho m&egrave;o được sản xuất nhằm đ&aacute;p ứng nhu cầu của m&egrave;o Anh l&ocirc;ng ngắn trưởng th&agrave;nh dưới 12 th&aacute;ng. L&yacute; do l&agrave; bởi với bộ l&ocirc;ng ngắn sang trọng, khối lượng cơ bắp ấn tượng v&agrave; v&oacute;c d&aacute;ng khỏe mạnh, loại m&egrave;o n&agrave;y rất cần một c&ocirc;ng thức dinh dưỡng ri&ecirc;ng.</p>\r\n<h3 id=\"1-2-theo-benh-ly\" style=\"text-align: justify;\">1.2 Theo bệnh l&yacute;</h3>\r\n<p style=\"text-align: justify;\">Một số t&igrave;nh trạng sức khỏe phổ biến ở m&egrave;o cũng được ch&uacute; trọng để tạo ra d&ograve;ng sản phẩm ri&ecirc;ng ph&ugrave; hợp cho nhu cầu dinh dưỡng v&agrave; chế độ sinh hoạt của th&uacute; cưng. C&oacute; thể kể đến những loại hạt&nbsp;cho m&egrave;o theo bệnh l&yacute; như:</p>\r\n<h4 style=\"text-align: justify;\"><strong>1.2.1 Royal Canin Urinary</strong></h4>\r\n<p><strong><img style=\"display: block; margin-left: auto; margin-right: auto;\" src=\"https://fagopet.vn/storage/kt/xr/ktxrwx6tb0hu1eweri2g6ot4poiz.webp\" alt=\"\" width=\"809\" height=\"809\"></strong></p>\r\n<p style=\"text-align: center;\"><em>Royal Canin Urinary</em></p>\r\n<p style=\"text-align: justify;\">Đ&acirc;y l&agrave; loại hạt d&agrave;nh cho m&egrave;o trưởng th&agrave;nh bị sỏi thận. Đồng thời, cũng l&agrave; dạng thực phẩm chức năng được nghi&ecirc;n cứu để hỗ trợ cho sức khỏe đường tiết niệu v&agrave; b&agrave;ng quang ở m&egrave;o trưởng th&agrave;nh. Sản phẩm gi&uacute;p lợi tiểu cho m&egrave;o, gi&uacute;p pha lo&atilde;ng c&aacute;c kho&aacute;ng chất dư thừa c&oacute; khả năng h&igrave;nh th&agrave;nh sỏi trong nước tiểu.&nbsp;</p>\r\n<p style=\"text-align: justify;\">B&ecirc;n cạnh đ&oacute;, với th&agrave;nh phần dinh dưỡng đặc biệt c&ugrave;ng h&agrave;m lượng Magie thấp, thức ăn m&egrave;o Royal Canin n&agrave;y c&ograve;n gi&uacute;p ngăn ngừa sự kết tinh v&agrave; th&uacute;c đẩy h&ograve;a tan sỏi. Từ đ&oacute;, l&agrave;m giảm nguy cơ t&aacute;i ph&aacute;t c&aacute;c vấn đề li&ecirc;n quan đến đường tiết niệu ở những th&uacute; cưng bị sỏi thận.</p>\r\n<h4><strong>1.2.2 Royal Canin Renal</strong></h4>\r\n<p><strong><img style=\"display: block; margin-left: auto; margin-right: auto;\" src=\"https://fagopet.vn/storage/db/kw/dbkw1wykue388cr793uoeydnhyxg.webp\" alt=\"\" width=\"691\" height=\"691\"></strong></p>\r\n<p style=\"text-align: justify;\">Cũng l&agrave; thức ăn m&egrave;o Canin d&agrave;nh cho m&egrave;o trưởng th&agrave;nh nhưng c&oacute; chức năng thận k&eacute;m. Nhờ sở hữu hệ dưỡng chất chống oxy h&oacute;a, EPA v&agrave; DHA c&ugrave;ng lượng phospho thấp v&agrave; c&ocirc;ng thức đặc chế đặc biệt hỗ trợ, loại hạt n&agrave;y c&oacute; thể gi&uacute;p tăng cường chức năng thận đối với bệnh thận m&atilde;n t&iacute;nh ở m&egrave;o.</p>\r\n<p style=\"text-align: justify;\">Kh&ocirc;ng những vậy, khi thận hoạt động qu&aacute; mức, c&oacute; thể g&acirc;y ra khủng hoảng ur&ecirc; huyết, th&agrave;nh phần Protein chất lượng cao c&oacute; trong sản phẩm sẽ hỗ trợ giảm bớt hoạt động ở thận. Đồng thời, giảm lượng chất thải t&iacute;ch tụ v&agrave; cải thiện t&igrave;nh trạng thận yếu cho m&egrave;o.</p>\r\n<h2 id=\"2-hat-royal-canin-cho-meo-duoi-12-thang-tuoi\" style=\"text-align: justify;\">2. Hạt Royal Canin cho m&egrave;o dưới 12 th&aacute;ng tuổi</h2>\r\n<p style=\"text-align: justify;\">Đối với nh&oacute;m n&agrave;y, Royal Canin cho m&egrave;o được chia th&agrave;nh: hạt cho m&egrave;o n&oacute;i chung v&agrave; hạt cho m&egrave;o theo giống.</p>\r\n<h3 id=\"2-1-loai-hat-cho-meo-noi-chung\" style=\"text-align: justify;\">2.1 Loại hạt cho m&egrave;o n&oacute;i chung</h3>\r\n<h4 style=\"text-align: justify;\"><strong>2.1.1 Royal Canin Kitten</strong></h4>\r\n<p><img style=\"display: block; margin-left: auto; margin-right: auto;\" src=\"https://fagopet.vn/storage/x7/z8/x7z8rmsy31zwxzhuylqwpudgs1bl.webp\" alt=\"\" width=\"780\" height=\"780\"></p>\r\n<p style=\"text-align: justify;\">L&agrave; thức ăn Royal Canin cho m&egrave;o con từ 4 - dưới 12 th&aacute;ng tuổi. L&uacute;c n&agrave;y, m&egrave;o con đang bước v&agrave;o giai đoạn cai sữa v&agrave; chuyển dần sang ăn thức ăn độc lập, kh&ocirc;ng phụ thuộc v&agrave;o mẹ.</p>\r\n<p style=\"text-align: justify;\">Khi đ&oacute;, Royal Canin Kitten sẽ cung cấp cho m&egrave;o con một chế độ dinh dưỡng tuyệt vời, đảm bảo gi&uacute;p th&uacute; cưng tăng cường được hệ miễn dịch th&ocirc;ng qua việc hỗ trợ bảo vệ tự nhi&ecirc;n trong giai đoạn thứ 2, nhờ c&aacute;c th&agrave;nh phần chống oxy h&oacute;a (bao gồm cả vitamin E hỗ trợ tăng cường hệ miễn dịch). B&ecirc;n cạnh đ&oacute;, c&ograve;n c&oacute; nguồn protein, vitamin v&agrave; kho&aacute;ng chất như canxi, vitamin D để gi&uacute;p m&egrave;o con được bổ sung năng lượng tối đa cho giai đoạn chuyển giao n&agrave;y.</p>\r\n<h4><strong>2.1.2 Royal Canin Mother &amp; Babycat</strong></h4>\r\n<p><strong><img style=\"display: block; margin-left: auto; margin-right: auto;\" src=\"https://fagopet.vn/storage/q7/w6/q7w6n9bmbp8psi8ja28m59if42ca.webp\" alt=\"\" width=\"800\" height=\"800\"></strong></p>\r\n<p style=\"text-align: justify;\">L&agrave; sản phẩm d&agrave;nh cho m&egrave;o mang thai v&agrave; cho con b&uacute;, cũng như m&egrave;o con sơ sinh từ 1-4 th&aacute;ng tuổi. Royal Canin cho m&egrave;o n&agrave;y sẽ cung cấp nguồn dinh dưỡng cơ bản, cần thiết, vừa hỗ trợ qu&aacute; tr&igrave;nh cai sữa ở m&egrave;o con nhờ những hạt thức ăn nhỏ c&oacute; kết cấu ph&ugrave; hợp với h&agrave;m răng sữa mới nh&uacute; ở m&egrave;o con vừa gi&uacute;p hỗ trợ sự hấp thu thức ăn hiệu quả nhất v&agrave; k&iacute;ch th&iacute;ch sự th&egrave;m ăn ở th&uacute; cưng.</p>\r\n<h3 id=\"2-2-loai-hat-cho-meo-theo-giong\">2.2 Loại hạt cho m&egrave;o theo giống</h3>\r\n<h4><strong>2.2.1 Royal Canin Persian Kitten</strong></h4>\r\n<p><strong><img style=\"display: block; margin-left: auto; margin-right: auto;\" src=\"https://fagopet.vn/storage/k6/t6/k6t6060wu169jq7ebbohcg2h1ias.webp\" alt=\"\" width=\"726\" height=\"726\"></strong></p>\r\n<p style=\"text-align: justify;\">Đ&acirc;y l&agrave; Royal Canin cho m&egrave;o Ba Tư dưới 12 th&aacute;ng tuổi. Sản phẩm sở hữu h&igrave;nh th&ugrave; độc đ&aacute;o, khuyến kh&iacute;ch m&egrave;o nhai kỹ hơn. Nhờ đ&oacute;, gi&uacute;p hỗ trợ vệ sinh răng miệng. B&ecirc;n cạnh đ&oacute;, với c&aacute;c protein ti&ecirc;u h&oacute;a cao v&agrave; prebiotics cũng gi&uacute;p hỗ trợ c&acirc;n bằng đường ruột ở m&egrave;o Ba Tư con.</p>\r\n<h4><strong>2.2.2 Royal Canin British Shorthair Kitten</strong></h4>\r\n<p><strong><img style=\"display: block; margin-left: auto; margin-right: auto;\" src=\"https://fagopet.vn/storage/3g/ib/3gibp8wi7yzv0m2o7n96tq3i41fh.webp\" alt=\"\" width=\"600\" height=\"600\"></strong></p>\r\n<p>&nbsp;</p>\r\n<p style=\"text-align: justify;\">L&agrave; c&aacute;c loại Royal Canin cho m&egrave;o Anh l&ocirc;ng ngắn dưới 12 th&aacute;ng tuổi. &Iacute;t ai biết rằng, loại hạt n&agrave;y được sản xuất nhằm d&agrave;nh ri&ecirc;ng cho chiếc h&agrave;m đặc biệt của m&egrave;o Anh l&ocirc;ng ngắn th&ocirc;ng qua c&aacute;c hạt với h&igrave;nh th&ugrave; độc đ&aacute;o, khuyến kh&iacute;ch m&egrave;o nhai kỹ hơn, để hỗ trợ vệ sinh răng miệng.</p>\r\n<p style=\"text-align: justify;\">Kh&ocirc;ng những vậy, sở hữu h&agrave;m lượng protein ph&ugrave; hợp c&ugrave;ng c&aacute;c vitamin v&agrave; kho&aacute;ng chất c&acirc;n bằng ch&iacute;nh x&aacute;c, sản phẩm cũng gi&uacute;p tăng trưởng cơ v&agrave; xương, hỗ trợ sức khỏe đường tiết niệu, tăng cường hệ miễn dịch cho m&egrave;o.</p>','uploads/ta10.1.png','2023-12-14 08:59:30','2023-12-14 08:59:30'),(10,'Hướng Dẫn Cách Tập Cho Mèo Đi Vệ Sinh Đúng Chỗ','Biết cách tập cho mèo đi vệ sinh đúng chỗ giúp duy trì không gian sống sạch sẽ và rèn luyện thói quen tốt cho thú cưng. Cùng tìm hiểu ngay dưới đây!','<h2 id=\"1-thoi-diem-thich-hop-de-tap-cho-meo-di-ve-sinh-dung-cho\"><strong>1. Thời điểm th&iacute;ch hợp để tập cho m&egrave;o đi vệ sinh đ&uacute;ng chỗ</strong></h2>\r\n<p>Thời điểm th&iacute;ch hợp để tập cho m&egrave;o đi vệ sinh đ&uacute;ng chỗ thường nằm trong giai đoạn khi m&egrave;o c&ograve;n nhỏ, thường từ 8-12 tuần tuổi. L&uacute;c n&agrave;y, m&egrave;o c&ograve;n linh hoạt hơn trong việc học hỏi v&agrave; th&iacute;ch kh&aacute;m ph&aacute; m&ocirc;i trường xung quanh.&nbsp;</p>\r\n<p>Tuy nhi&ecirc;n, cũng cần lưu &yacute; đến c&aacute;c trường hợp kh&ocirc;ng n&ecirc;n huấn luyện, v&iacute; dụ như m&egrave;o dưới 2 th&aacute;ng tuổi hoặc đ&atilde; qu&aacute; gi&agrave;. Một số trường hợp đặc biệt, nếu m&egrave;o gặp vấn đề về khớp hoặc vận động, việc &aacute;p dụng huấn luyện c&oacute; thể g&acirc;y thương tổn cho b&eacute;. Tốt nhất l&agrave; n&ecirc;n hiểu r&otilde; b&eacute; cưng của bạn v&agrave; t&ocirc;n trọng giới hạn của b&eacute; trong qu&aacute; tr&igrave;nh tập luyện.</p>\r\n<p><img style=\"display: block; margin-left: auto; margin-right: auto;\" src=\"https://fagopet.vn/storage/ps/x0/psx0ln22r6g2doc5pzk1j4bsiggv_cach-tap-cho-meo-di-ve-sinh-dung-cho-1.webp\" alt=\"\" width=\"800\" height=\"800\"></p>\r\n<h2 id=\"2-cach-tap-cho-meo-di-ve-sinh-dung-cho\"><strong>2. C&aacute;ch tập cho m&egrave;o đi vệ sinh đ&uacute;ng chỗ</strong></h2>\r\n<p>Tập cho m&egrave;o đi vệ sinh đ&uacute;ng chỗ l&agrave; một qu&aacute; tr&igrave;nh cần ki&ecirc;n nhẫn v&agrave; cần đầu tư kh&aacute; nhiều thời gian. M&egrave;o sẽ kh&ocirc;ng thể biết đi vệ sinh trong bồn cầu hoặc hộp c&aacute;t ngay được, bạn cần hướng dẫn c&aacute;c b&eacute; theo quy tr&igrave;nh. Dưới đ&acirc;y l&agrave; hướng dẫn cơ bản để tập cho c&aacute;c b&eacute; m&egrave;o đi vệ sinh đ&uacute;ng chỗ:</p>\r\n<h3 id=\"2-1-huan-luyen-cho-meo-di-ve-sinh-trong-hop-cat\"><em><strong>2.1 Huấn luyện cho m&egrave;o đi vệ sinh trong hộp c&aacute;t</strong></em></h3>\r\n<p>Dạy m&egrave;o đi vệ sinh trong hộp c&aacute;t l&agrave; một phần quan trọng trong việc chăm s&oacute;c v&agrave; huấn luyện m&egrave;o. Dưới đ&acirc;y l&agrave; c&aacute;c bước hướng dẫn để dạy m&egrave;o đi vệ sinh đ&uacute;ng chỗ trong hộp c&aacute;t:</p>\r\n<ul>\r\n<li style=\"list-style-type: unset;\">Chọn hộp c&aacute;t ph&ugrave; hợp: Chọn một hộp c&aacute;t c&oacute; k&iacute;ch thước vừa, đủ rộng để m&egrave;o quay đầu v&agrave; đ&agrave;o. Nếu c&oacute; nhiều m&egrave;o, h&atilde;y chắc chắn rằng c&oacute; đủ nhiều hộp c&aacute;t cho từng con.</li>\r\n<li style=\"list-style-type: unset;\">Chọn loại c&aacute;t ph&ugrave; hợp: Thử nghiệm nhiều loại c&aacute;t để xem m&egrave;o ưa th&iacute;ch loại n&agrave;o. Một số m&egrave;o th&iacute;ch c&aacute;t mịn, trong khi một số kh&aacute;c th&iacute;ch c&aacute;t sỏi. Đảm bảo giữ lớp c&aacute;t trong hộp ở độ d&agrave;y khoảng 5-7 cm.</li>\r\n<li style=\"list-style-type: unset;\">Đặt hộp c&aacute;t ở vị tr&iacute; th&iacute;ch hợp: Đặt hộp c&aacute;t ở một vị tr&iacute; dễ tiếp cận, y&ecirc;n tĩnh v&agrave; kh&ocirc;ng c&oacute; qu&aacute; nhiều người qua lại. Tr&aacute;nh đặt gần chỗ ăn hoặc nơi m&egrave;o nghỉ ngơi.</li>\r\n<li style=\"list-style-type: unset;\">Chỉ dẫn m&egrave;o đến hộp c&aacute;t: Khi thấy m&egrave;o c&oacute; dấu hiệu đi vệ sinh (đ&agrave;o hoặc chuẩn bị đi), đưa m&egrave;o đến hộp c&aacute;t. Khuyến kh&iacute;ch m&egrave;o ở lại v&agrave; thực hiện nghi thức đi vệ sinh.</li>\r\n<li style=\"list-style-type: unset;\">Khen ngợi v&agrave; thưởng: Khi m&egrave;o đi vệ sinh đ&uacute;ng chỗ, khen ngợi v&agrave; thưởng ch&uacute;ng. Sử dụng lời khen v&agrave; thưởng nhưng tr&aacute;nh sử dụng &aacute;p đặt hoặc trừng phạt nếu m&egrave;o đi sai chỗ.</li>\r\n<li style=\"list-style-type: unset;\">Duy tr&igrave; sạch sẽ hộp c&aacute;t: Thường xuy&ecirc;n lấy đi ph&acirc;n v&agrave; thay c&aacute;t mới để hộp c&aacute;t lu&ocirc;n sạch sẽ v&agrave; m&egrave;o muốn sử dụng n&oacute;.</li>\r\n<li style=\"list-style-type: unset;\">Ki&ecirc;n nhẫn v&agrave; nhất qu&aacute;n: Lặp lại quy tr&igrave;nh n&agrave;y mỗi lần m&egrave;o cần đi vệ sinh. Ki&ecirc;n nhẫn v&agrave; nhất qu&aacute;n trong qu&aacute; tr&igrave;nh hướng dẫn m&egrave;o sử dụng hộp c&aacute;t.</li>\r\n</ul>\r\n<p>Trong qu&aacute; tr&igrave;nh huấn luyện ban đầu n&agrave;y c&aacute;c Sen cũng cần ch&uacute; &yacute; một số vấn đề như:</p>\r\n<ul>\r\n<li style=\"list-style-type: unset;\">Đặt hộp c&aacute;t ở nơi y&ecirc;n tĩnh, tr&aacute;nh ồn &agrave;o hoặc &aacute;nh s&aacute;ng mạnh qu&aacute;.</li>\r\n<li style=\"list-style-type: unset;\">Tr&aacute;nh trừng phạt m&egrave;o nếu m&egrave;o đi vệ sinh sai chỗ. Điều n&agrave;y chỉ l&agrave;m cho m&egrave;o sợ v&agrave; kh&oacute; kỷ luật.</li>\r\n<li style=\"list-style-type: unset;\">Khi m&egrave;o đi vệ sinh đ&uacute;ng chỗ, khen ngợi v&agrave; thưởng. Tạo li&ecirc;n kết t&iacute;ch cực giữa h&agrave;nh vi đ&uacute;ng v&agrave; lời khen.</li>\r\n<li style=\"list-style-type: unset;\">Thường xuy&ecirc;n l&agrave;m sạch hộp c&aacute;t v&agrave; thay c&aacute;t mới. M&egrave;o sẽ th&iacute;ch hơn v&agrave; muốn sử dụng hộp c&aacute;t khi n&oacute; sạch sẽ.</li>\r\n<li style=\"list-style-type: unset;\">Quan s&aacute;t thời điểm m&egrave;o thường cần đi vệ sinh v&agrave; hướng dẫn ch&uacute;ng v&agrave;o hộp c&aacute;t ở những thời điểm đ&oacute;.</li>\r\n<li style=\"list-style-type: unset;\">Chọn loại c&aacute;t m&agrave; m&egrave;o th&iacute;ch. Một số m&egrave;o th&iacute;ch c&aacute;t mịn, trong khi một số lại ưa th&iacute;ch c&aacute;t c&oacute; hạt lớn.</li>\r\n</ul>\r\n<p><img style=\"display: block; margin-left: auto; margin-right: auto;\" src=\"https://fagopet.vn/storage/71/5l/715lcdb2grx3m6ftnxybo6mc0rlv_cach-tap-cho-meo-di-ve-sinh-dung-cho-2.webp\" alt=\"\" width=\"800\" height=\"800\"></p>\r\n<h3 id=\"2-2-huong-dan-huan-luyen-cho-meo-di-ve-sinh-trong-bon-cau\"><em><strong>2.2 Hướng dẫn huấn luyện cho m&egrave;o đi vệ sinh trong bồn cầu</strong></em></h3>\r\n<p>Để huấn luyện được c&aacute;c Boss đi vệ sinh trong bồn cầu th&igrave; c&aacute;c Sen phải đầu tư nhiều thời gian hơn. Dưới đ&acirc;y l&agrave; hướng dẫn chi tiết nhất d&agrave;nh cho c&aacute;c Sen:</p>\r\n<h4><strong>Tăng dần chiều cao của khay c&aacute;t</strong></h4>\r\n<p>Trong v&agrave;i tuần tới, tăng dần chiều cao của khay c&aacute;t l&ecirc;n, sử dụng hộp c&aacute;c t&ocirc;ng hoặc chồng giấy b&aacute;o hoặc tạp ch&iacute;. C&aacute;c b&eacute; m&egrave;o của bạn sẽ kh&ocirc;ng quen với chiều cao của nh&agrave; vệ sinh, v&igrave; vậy đ&acirc;y l&agrave; một bước quan trọng trong qu&aacute; tr&igrave;nh huấn luyện.</p>\r\n<p>Điều quan trọng l&agrave; kh&ocirc;ng vội v&atilde; th&uacute;c giục m&egrave;o cưng của bạn trong qu&aacute; tr&igrave;nh n&agrave;y. Nếu m&egrave;o trở n&ecirc;n qu&aacute; kh&oacute; chịu với chiều cao của hộp, n&oacute; c&oacute; thể ch&aacute;n nản v&agrave; kh&oacute; huấn luyện.</p>\r\n<h4><strong>Đặt khay c&aacute;t l&ecirc;n chỗ ngồi của bệ toilet</strong></h4>\r\n<p>Nếu m&egrave;o của bạn sử dụng th&agrave;nh c&ocirc;ng khay c&aacute;t vệ sinh khi bạn tăng chiều cao, h&atilde;y đặt tiếp khay l&ecirc;n tr&ecirc;n bồn cầu. C&aacute;c Sen n&ecirc;n cố định chắc chắn để đảm bảo m&egrave;o của bạn kh&ocirc;ng đ&aacute;nh bật n&oacute;.</p>\r\n<p>Đ&acirc;y l&agrave; bước rườm r&agrave; nhất v&igrave; bạn c&oacute; thể kh&ocirc;ng thể sử dụng nh&agrave; vệ sinh n&agrave;y. Nhưng nếu mọi việc su&ocirc;n sẻ, bạn chỉ cần để khay c&aacute;t vệ sinh ở đ&oacute; trong ba hoặc bốn ng&agrave;y.</p>\r\n<h4><strong>Thay thế khay c&aacute;t bằng bộ dụng cụ huấn luyện</strong></h4>\r\n<p>Sử dụng Litter Kwitter hoặc sản phẩm tương tự như CitiKitty sẽ ph&ugrave; hợp với nh&agrave; vệ sinh của bạn. Bộ dụng cụ huấn luyện vệ sinh cho m&egrave;o n&agrave;y đi k&egrave;m với nhiều mảnh, tăng dần k&iacute;ch thước của lỗ bồn cầu ở giữa. Bạn c&oacute; thể lấp đầy khay bằng c&aacute;ch xả nước để con m&egrave;o vẫn biết đ&acirc;y l&agrave; nơi n&oacute; phải đến v&agrave; cảm thấy thoải m&aacute;i khi đi vệ sinh.</p>\r\n<p><img style=\"display: block; margin-left: auto; margin-right: auto;\" src=\"https://fagopet.vn/storage/lr/q4/lrq4v8o2tue0r8kmqturewlc5his_cach-tap-cho-meo-di-ve-sinh-dung-cho-3.webp\" alt=\"\" width=\"800\" height=\"800\"></p>\r\n<h4><strong>Th&aacute;o phần gi&aacute; đỡ ở bồn cầu ra</strong></h4>\r\n<p>Sau khi ho&agrave;n tất huấn luyện ở c&aacute;c giai đoạn tr&ecirc;n v&agrave; b&eacute; m&egrave;o nh&agrave; bạn đ&atilde; sẵn s&agrave;ng, h&atilde;y th&aacute;o khay ra. Từ đ&acirc;y, m&egrave;o con c&oacute; thể tự đi vệ sinh đ&uacute;ng chỗ m&agrave; kh&ocirc;ng cần bạn tiếp tục huấn luyện.&nbsp;</p>\r\n<p>Tuy nhi&ecirc;n, nếu m&egrave;o nh&agrave; bạn kh&ocirc;ng thực hiện theo quy tr&igrave;nh huấn luyện ở bất cứ bước n&agrave;o th&igrave; bạn n&ecirc;n l&ugrave;i lại một bước v&agrave; hướng dẫn chi tiết lại. Để b&eacute; m&egrave;o thực sự thoải m&aacute;i trong qu&aacute; tr&igrave;nh huấn luyện sẽ đạt được hiệu quả tốt hơn.&nbsp;</p>','uploads/VeSinh.PNG','2023-12-21 13:59:29','2023-12-21 13:59:29');
/*!40000 ALTER TABLE `tintuc` ENABLE KEYS */;

--
-- Table structure for table `tlbinhluan`
--

DROP TABLE IF EXISTS `tlbinhluan`;
/*!40101 SET @saved_cs_client     = @@character_set_client */;
/*!40101 SET character_set_client = utf8 */;
CREATE TABLE `tlbinhluan` (
  `id` int(11) NOT NULL AUTO_INCREMENT,
  `id_binhluan` int(11) NOT NULL,
  `noidung` text NOT NULL,
  PRIMARY KEY (`id`),
  KEY `id bình luận` (`id_binhluan`)
) ENGINE=InnoDB AUTO_INCREMENT=2 DEFAULT CHARSET=utf8mb3 COLLATE=utf8mb3_general_ci;
/*!40101 SET character_set_client = @saved_cs_client */;

--
-- Dumping data for table `tlbinhluan`
--

/*!40000 ALTER TABLE `tlbinhluan` DISABLE KEYS */;
INSERT INTO `tlbinhluan` VALUES (1,2,'');
/*!40000 ALTER TABLE `tlbinhluan` ENABLE KEYS */;

--
-- Dumping routines for database 'u240813445_bastethome'
--
/*!40103 SET TIME_ZONE=@OLD_TIME_ZONE */;

/*!40101 SET SQL_MODE=@OLD_SQL_MODE */;
/*!40014 SET FOREIGN_KEY_CHECKS=@OLD_FOREIGN_KEY_CHECKS */;
/*!40014 SET UNIQUE_CHECKS=@OLD_UNIQUE_CHECKS */;
/*!40101 SET CHARACTER_SET_CLIENT=@OLD_CHARACTER_SET_CLIENT */;
/*!40101 SET CHARACTER_SET_RESULTS=@OLD_CHARACTER_SET_RESULTS */;
/*!40101 SET COLLATION_CONNECTION=@OLD_COLLATION_CONNECTION */;
/*!40111 SET SQL_NOTES=@OLD_SQL_NOTES */;

-- Dump completed on 2024-01-17  3:13:42
